-------------------------------------------------------------------------
--
--	Licensed Materials - Property of IBM
--
--	5724O4800
--
--	(C) Copyright IBM Corp. 1994, 2012. All Rights Reserved
--
--	US Government Users Restricted Rights - Use, duplication
--	or disclosure restricted by GSA ADP Schedule Contract
--	with IBM Corp.
--
--
------------------------------------------------------------------------

insert into alerts.col_visuals values ( 'Service','Service',15,64,1,0 );
insert into alerts.col_visuals values ( 'StateChange','State Change',15,25,1,1 );
insert into alerts.col_visuals values ( 'LocalRootObj','Local Root Obj.',18,64,1,0 );
insert into alerts.col_visuals values ( 'ProcessReq','Process Required',15,64,1,0 );
insert into alerts.col_visuals values ( 'SuppressEscl','Suppr./Escl.',15,64,1,0 );
insert into alerts.col_visuals values ( 'Type','Type',15,48,1,0 );
insert into alerts.col_visuals values ( 'LastOccurrence','Last Occurrence',15,25,1,1 );
insert into alerts.col_visuals values ( 'RemoteSecObj','Rem. Sec Obj.',18,64,1,0 );
insert into alerts.col_visuals values ( 'X733ProbableCause','Probable Cause',20,64,1,0 );
insert into alerts.col_visuals values ( 'Tally','Count',6,12,1,2 );
insert into alerts.col_visuals values ( 'FirstOccurrence','First Occurrence',15,25,1,1 );
insert into alerts.col_visuals values ( 'Manager','Manager',25,64,1,0 );
insert into alerts.col_visuals values ( 'InternalLast','Internal Timestamp',15,25,1,1 );
insert into alerts.col_visuals values ( 'OwnerUID','Owner',15,40,1,0 );
insert into alerts.col_visuals values ( 'RemotePriObj','Rem. Pri. Obj.',18,64,1,0 );
insert into alerts.col_visuals values ( 'NmosSerial','Prec. Serial',12,64,1,2 );
insert into alerts.col_visuals values ( 'Acknowledged','Ack',3,24,1,0 );
insert into alerts.col_visuals values ( 'RemoteNodeAlias','Rem. Node Alias',15,64,1,0 );
insert into alerts.col_visuals values ( 'TaskList','TaskList',15,48,1,0 );
insert into alerts.col_visuals values ( 'ExpireTime','Expire Time',10,15,2,1 );
insert into alerts.col_visuals values ( 'EventId','Event ID',20,255,0,1 );
insert into alerts.col_visuals values ( 'Poll','Poll',6,12,1,2 );
insert into alerts.col_visuals values ( 'Agent','Agent',25,64,1,0 );
insert into alerts.col_visuals values ( 'LocalSecObj','Local Sec. Obj.',18,64,1,0 );
insert into alerts.col_visuals values ( 'Severity','Severity',12,48,1,0 );
insert into alerts.col_visuals values ( 'Serial','Serial',8,12,1,2 );
insert into alerts.col_visuals values ( 'LocalNodeAlias','Local Node Alias',15,64,1,0 );
insert into alerts.col_visuals values ( 'ServerSerial','Server Serial',13,15,1,2 );
insert into alerts.col_visuals values ( 'Class','Class',20,64,1,0 );
insert into alerts.col_visuals values ( 'PhysicalCard','Card',15,64,1,0 );
insert into alerts.col_visuals values ( 'ServerName','Server Name',11,64,1,0 );
insert into alerts.col_visuals values ( 'Location','Location',15,64,1,0 );
insert into alerts.col_visuals values ( 'OwnerGID','Group',15,40,1,0 );
insert into alerts.col_visuals values ( 'Grade','Grade',6,12,1,2 );
insert into alerts.col_visuals values ( 'RemoteRootObj','Rem. Root Obj.',18,64,1,0 );
insert into alerts.col_visuals values ( 'PhysicalPort','Port',6,12,1,2 );
insert into alerts.col_visuals values ( 'Summary','Summary',40,255,1,0 );
insert into alerts.col_visuals values ( 'X733EventType','Event Type',20,64,1,0 );
insert into alerts.col_visuals values ( 'Customer','Customer',20,64,1,0 );
insert into alerts.col_visuals values ( 'NmosObjInst','Prec. Obj. Inst.',15,17,1,2 );
insert into alerts.col_visuals values ( 'NmosManagedStatus','Managed Status',15,64,1,0 );
insert into alerts.col_visuals values ( 'NmosDomainName','Precision Domain',18,64,1,0 );
insert into alerts.col_visuals values ( 'NmosEntityId','Prec. Entity ID',15,17,1,2 );
insert into alerts.col_visuals values ( 'Flash','Flash',12,48,1,0 );
insert into alerts.col_visuals values ( 'Node','Node',15,64,1,0 );
insert into alerts.col_visuals values ( 'X733CorrNotif','Correlated Notif.',25,128,1,0 );
insert into alerts.col_visuals values ( 'AlertGroup','Alert Group',18,255,1,0 );
insert into alerts.col_visuals values ( 'NodeAlias','Node Alias',15,64,1,0 );
insert into alerts.col_visuals values ( 'AlertKey','Alert Key',18,64,1,0 );
insert into alerts.col_visuals values ( 'LocalPriObj','Local Pri. Obj.',18,64,1,0 );
insert into alerts.col_visuals values ( 'NmosCauseType','Cause Type',15,64,1,0 );
insert into alerts.col_visuals values ( 'Identifier','Identifier',32,255,1,0 );
insert into alerts.col_visuals values ( 'PhysicalSlot','Slot',6,12,1,2 );
insert into alerts.col_visuals values ( 'X733SpecificProb','Specific Problem',20,64,1,0 );
insert into alerts.col_visuals values ( 'ExtendedAttr','Extended Attributes',20,64,1,0 );
insert into alerts.col_visuals values ( 'URL','URL',20,64,1,0 );
insert into alerts.col_visuals values ( 'BSM_Identity','BSM Identity',20,64,1,0 );
go

insert into alerts.colors values ( 0,0,139,0,0,205,0 );
insert into alerts.colors values ( 1,104,34,139,178,58,238 );
insert into alerts.colors values ( 2,79,148,205,99,184,255 );
insert into alerts.colors values ( 3,205,205,0,255,255,0 );
insert into alerts.colors values ( 4,181,99,0,255,179,41 );
insert into alerts.colors values ( 5,205,0,0,255,0,0 );
go

insert into alerts.conversions values ( 'Acknowledged0','Acknowledged',0,'No' );
insert into alerts.conversions values ( 'Acknowledged1','Acknowledged',1,'Yes' );
insert into alerts.conversions values ( 'Class0','Class',0,'Default Class' );
insert into alerts.conversions values ( 'Class100','Class',100,'Ping Probe' );
insert into alerts.conversions values ( 'Class1000','Class',1000,'StrataView-NNM' );
insert into alerts.conversions values ( 'Class10000','Class',10000,'Siemens EWSD BCT' );
insert into alerts.conversions values ( 'Class1050','Class',1050,'Radware' );
insert into alerts.conversions values ( 'Class10500','Class',10500,'Impact' );
insert into alerts.conversions values ( 'Class10520','Class',10520,'Alcatel 1000 E10/OCB-283' );
insert into alerts.conversions values ( 'Class10550','Class',10550,'Siemens EWSD' );
insert into alerts.conversions values ( 'Class10600','Class',10600,'Siemens EWSD Server' );
insert into alerts.conversions values ( 'Class10650','Class',10650,'Switchcommander' );
insert into alerts.conversions values ( 'Class10700','Class',10700,'Comverse VMS' );
insert into alerts.conversions values ( 'Class1100','Class',1100,'StrataView' );
insert into alerts.conversions values ( 'Class11000','Class',11000,'Visionary' );
insert into alerts.conversions values ( 'Class1150','Class',1150,'Socket probe' );
insert into alerts.conversions values ( 'Class1175','Class',1175,'FDF probe' );
insert into alerts.conversions values ( 'Class1200','Class',1200,'Ericsson ACP 1000' );
insert into alerts.conversions values ( 'Class12000','Class',12000,'SLAM' );
insert into alerts.conversions values ( 'Class1250','Class',1250,'Ericsson_BNSI' );
insert into alerts.conversions values ( 'Class12500','Class',12500,'CCM_Perf_Metric' );
insert into alerts.conversions values ( 'Class12510','Class',12510,'CCMCallDetailRecord' );
insert into alerts.conversions values ( 'Class12520','Class',12520,'CCMDevice' );
insert into alerts.conversions values ( 'Class12521','Class',12521,'CCM_Dev_IPPhone' );
insert into alerts.conversions values ( 'Class12522','Class',12522,'CCM_Dev_AnalogPhone' );
insert into alerts.conversions values ( 'Class12523','Class',12523,'CCM_Dev_DigitalPhone' );
insert into alerts.conversions values ( 'Class12524','Class',12524,'CCM_Dev_Gateway' );
insert into alerts.conversions values ( 'Class12525','Class',12525,'CCM_Dev_Service' );
insert into alerts.conversions values ( 'Class12526','Class',12526,'CCM_Dev_GateKeeper' );
insert into alerts.conversions values ( 'Class12527','Class',12527,'CCM_Dev_SoftPhone' );
insert into alerts.conversions values ( 'Class12528','Class',12528,'VSM' );
insert into alerts.conversions values ( 'Class12540','Class',12540,'CALLMANAGER_Syslog' );
insert into alerts.conversions values ( 'Class12541','Class',12541,'CBB_Syslog' );
insert into alerts.conversions values ( 'Class12542','Class',12542,'CDR_INSERT_Syslog' );
insert into alerts.conversions values ( 'Class12543','Class',12543,'CTI_Syslog' );
insert into alerts.conversions values ( 'Class12544','Class',12544,'DB_LAYER_Syslog' );
insert into alerts.conversions values ( 'Class12545','Class',12545,'JAVA_APPS_Syslog' );
insert into alerts.conversions values ( 'Class12546','Class',12546,'MEDIA_STREAMING_APP_Syslog' );
insert into alerts.conversions values ( 'Class12547','Class',12547,'RIS_Syslog' );
insert into alerts.conversions values ( 'Class12548','Class',12548,'SUMI_Syslog' );
insert into alerts.conversions values ( 'Class12549','Class',12549,'TCD_Syslog' );
insert into alerts.conversions values ( 'Class12550','Class',12550,'TFTP_Syslog' );
insert into alerts.conversions values ( 'Class12700','Class',12700,'SSM' );
insert into alerts.conversions values ( 'Class12701','Class',12701,'SSM-MS SQL' );
insert into alerts.conversions values ( 'Class12702','Class',12702,'SSM-MS Exchange' );
insert into alerts.conversions values ( 'Class12703','Class',12703,'SSM-MS IIS' );
insert into alerts.conversions values ( 'Class12704','Class',12704,'SSM-Oracle' );
insert into alerts.conversions values ( 'Class12705','Class',12705,'SSM-Apache' );
insert into alerts.conversions values ( 'Class12707','Class',12707,'SSM-NT Services' );
insert into alerts.conversions values ( 'Class12709','Class',12709,'SSM-Active Directory' );
insert into alerts.conversions values ( 'Class12710','Class',12710,'SSM-WebSphere' );
insert into alerts.conversions values ( 'Class12712','Class',12712,'SSM-WebLogic' );
insert into alerts.conversions values ( 'Class12715','Class',12715,'SSM-SAP' );
insert into alerts.conversions values ( 'Class1300','Class',1300,'Lucent Agile ATM' );
insert into alerts.conversions values ( 'Class1305','Class',1305,'Lucent_naviscore_tmf814' );
insert into alerts.conversions values ( 'Class13100','Class',13100,'generic_3gpp_v320' );
insert into alerts.conversions values ( 'Class13150','Class',13150,'generic_3gpp_v360' );
insert into alerts.conversions values ( 'Class13200','Class',13200,'generic_3gpp_v430' );
insert into alerts.conversions values ( 'Class1350','Class',1350,'Lucent JMTE' );
insert into alerts.conversions values ( 'Class1355','Class',1355,'Lucent_wa' );
insert into alerts.conversions values ( 'Class1360','Class',1360,'Telcordia_wa' );
insert into alerts.conversions values ( 'Class1380','Class',1380,'Flash Networks' );
insert into alerts.conversions values ( 'Class1400','Class',1400,'Nortel DMS' );
insert into alerts.conversions values ( 'Class1405','Class',1405,'Nortel_oam5' );
insert into alerts.conversions values ( 'Class1410','Class',1410,'Nortel CEMS' );
insert into alerts.conversions values ( 'Class1415','Class',1415,'Nortel BSSM' );
insert into alerts.conversions values ( 'Class1450','Class',1450,'Kentrox, Inc.' );
insert into alerts.conversions values ( 'Class150','Class',150,'Compaq Tandem' );
insert into alerts.conversions values ( 'Class1500','Class',1500,'Marconi EM-OS' );
insert into alerts.conversions values ( 'Class1505','Class',1505,'Alvarion' );
insert into alerts.conversions values ( 'Class1510','Class',1510,'Openet Telecom' );
insert into alerts.conversions values ( 'Class1550','Class',1550,'Marconi Mass' );
insert into alerts.conversions values ( 'Class1600','Class',1600,'Heartbeat Probe' );
insert into alerts.conversions values ( 'Class1650','Class',1650,'SiteScope probe' );
insert into alerts.conversions values ( 'Class1700','Class',1700,'HTTPD Common Log Format' );
insert into alerts.conversions values ( 'Class1750','Class',1750,'Tellabs 8100' );
insert into alerts.conversions values ( 'Class1755','Class',1755,'Tellabs 8600' );
insert into alerts.conversions values ( 'Class1757','Class',1757,'Tellabs MetroWatch' );
insert into alerts.conversions values ( 'Class1800','Class',1800,'HTTPD Server Error Log' );
insert into alerts.conversions values ( 'Class1850','Class',1850,'IOC Probe' );
insert into alerts.conversions values ( 'Class1900','Class',1900,'N.E.T. IDNX' );
insert into alerts.conversions values ( 'Class1950','Class',1950,'Nokia SBT' );
insert into alerts.conversions values ( 'Class200','Class',200,'Syslog Probe' );
insert into alerts.conversions values ( 'Class2000','Class',2000,'Informix' );
insert into alerts.conversions values ( 'Class2050','Class',2050,'Motorola OMC-R' );
insert into alerts.conversions values ( 'Class2055','Class',2055,'Motorola-OMCR-3gpp' );
insert into alerts.conversions values ( 'Class2057','Class',2057,'Motorola 3gpp omcr gsr9' );
insert into alerts.conversions values ( 'Class2060','Class',2060,'Motorola SSRN' );
insert into alerts.conversions values ( 'Class2065','Class',2065,'Motorola_OMCR_3gpp_V560' );
insert into alerts.conversions values ( 'Class2070','Class',2070,'Motorola_OMCR1620_v65' );
insert into alerts.conversions values ( 'Class2075','Class',2075,'Motorola_muno' );
insert into alerts.conversions values ( 'Class2080','Class',2080,'Dell Server' );
insert into alerts.conversions values ( 'Class2085','Class',2085,'Dell EqualLogic' );
insert into alerts.conversions values ( 'Class2100','Class',2100,'HP IT/Operations Center' );
insert into alerts.conversions values ( 'Class2105','Class',2105,'NetQoS' );
insert into alerts.conversions values ( 'Class2107','Class',2107,'Packet Design' );
insert into alerts.conversions values ( 'Class2109','Class',2109,'HP Procurve SNMP' );
insert into alerts.conversions values ( 'Class2110','Class',2110,'HP Procurve Syslog' );
insert into alerts.conversions values ( 'Class2115','Class',2115,'HP Operations Manager' );
insert into alerts.conversions values ( 'Class2150','Class',2150,'Dantel Pointmaster' );
insert into alerts.conversions values ( 'Class2200','Class',2200,'KBU Fivemere' );
insert into alerts.conversions values ( 'Class2250','Class',2250,'Arcom' );
insert into alerts.conversions values ( 'Class2300','Class',2300,'Fibermux LightWatch' );
insert into alerts.conversions values ( 'Class2400','Class',2400,'Ericsson MD110' );
insert into alerts.conversions values ( 'Class2450','Class',2450,'Ericsson OMCR' );
insert into alerts.conversions values ( 'Class2455','Class',2455,'Ericsson_oss_rc' );
insert into alerts.conversions values ( 'Class2460','Class',2460,'Eaton' );
insert into alerts.conversions values ( 'Class2470','Class',2470,'eci_lightsoft_tmf814' );
insert into alerts.conversions values ( 'Class2475','Class',2475,'Kodiak EMS' );
insert into alerts.conversions values ( 'Class250','Class',250,'ADC Metrica NPR' );
insert into alerts.conversions values ( 'Class2550','Class',2550,'MOM probe' );
insert into alerts.conversions values ( 'Class2555','Class',2555,'SCOM2007' );
insert into alerts.conversions values ( 'Class2600','Class',2600,'N.E.T. Open/5000' );
insert into alerts.conversions values ( 'Class2700','Class',2700,'Netlabs DiMONS 2G' );
insert into alerts.conversions values ( 'Class2750','Class',2750,'generic_3gpp_V551' );
insert into alerts.conversions values ( 'Class2800','Class',2800,'DEC VAX Operator Communication Facility' );
insert into alerts.conversions values ( 'Class2900','Class',2900,'Oracle Probe' );
insert into alerts.conversions values ( 'Class2945','Class',2945,'Siemens_corba_v2' );
insert into alerts.conversions values ( 'Class2950','Class',2950,'siemens_rc_corba' );
insert into alerts.conversions values ( 'Class2955','Class',2955,'siemens_ac_corba' );
insert into alerts.conversions values ( 'Class2960','Class',2960,'Nec_director_corba' );
insert into alerts.conversions values ( 'Class300','Class',300,'MTTrapd' );
insert into alerts.conversions values ( 'Class3000','Class',3000,'DEC VAX VCS (Polycenter) Watchdog' );
insert into alerts.conversions values ( 'Class30500','Class',30500,'E-mail Probe' );
insert into alerts.conversions values ( 'Class30505','Class',30505,'XML Probe' );
insert into alerts.conversions values ( 'Class3100','Class',3100,'RoboMon Element Manager' );
insert into alerts.conversions values ( 'Class3200','Class',3200,'SUN Solstice Enterprise Manager' );
insert into alerts.conversions values ( 'Class32000','Class',32000,'NeuSecure' );
insert into alerts.conversions values ( 'Class3300','Class',3300,'SimNet Probe' );
insert into alerts.conversions values ( 'Class3350','Class',3350,'Itron OpenWay Collection Engine Probe' );
insert into alerts.conversions values ( 'Class3351','Class',3351,'Itron OpenWay Control Probe' );
insert into alerts.conversions values ( 'Class3360','Class',3360,'VMWare' );
insert into alerts.conversions values ( 'Class3400','Class',3400,'SUN SunNet Manager 2.3' );
insert into alerts.conversions values ( 'Class350','Class',350,'Nokia NetAct for Braodband' );
insert into alerts.conversions values ( 'Class3500','Class',3500,'Sybase Probe' );
insert into alerts.conversions values ( 'Class3600','Class',3600,'ECI/Telematics' );
insert into alerts.conversions values ( 'Class3700','Class',3700,'Ascom TimePlex TimeView/2000' );
insert into alerts.conversions values ( 'Class3701','Class',3701,'TimeView2' );
insert into alerts.conversions values ( 'Class3800','Class',3800,'Nortel TN-MS Element Controller for TN-1X' );
insert into alerts.conversions values ( 'Class3850','Class',3850,'MDM probe' );
insert into alerts.conversions values ( 'Class3900','Class',3900,'Ascom CLOG' );
insert into alerts.conversions values ( 'Class400','Class',400,'HP OpenView NNM' );
insert into alerts.conversions values ( 'Class4000','Class',4000,'DAWCOM' );
insert into alerts.conversions values ( 'Class40000','Class',40000,'InfoVista' );
insert into alerts.conversions values ( 'Class40001','Class',40001,'ADIR Technologies' );
insert into alerts.conversions values ( 'Class40002','Class',40002,'Turin Networks TL1' );
insert into alerts.conversions values ( 'Class40003','Class',40003,'Maple Optical' );
insert into alerts.conversions values ( 'Class40004','Class',40004,'Mahi Networks' );
insert into alerts.conversions values ( 'Class40005','Class',40005,'Intrusion Inc.' );
insert into alerts.conversions values ( 'Class40006','Class',40006,'Orchestream Service Activator' );
insert into alerts.conversions values ( 'Class40007','Class',40007,'Adlex Inc.' );
insert into alerts.conversions values ( 'Class40008','Class',40008,'Zvolve' );
insert into alerts.conversions values ( 'Class40009','Class',40009,'mFormation' );
insert into alerts.conversions values ( 'Class40010','Class',40010,'TeleGea' );
insert into alerts.conversions values ( 'Class40011','Class',40011,'Johnson Controls' );
insert into alerts.conversions values ( 'Class40012','Class',40012,'Meriton Networks' );
insert into alerts.conversions values ( 'Class40013','Class',40013,'Aastra CVX' );
insert into alerts.conversions values ( 'Class40014','Class',40014,'Celion Networks' );
insert into alerts.conversions values ( 'Class40015','Class',40015,'Altion LTD' );
insert into alerts.conversions values ( 'Class40016','Class',40016,'ChanneLogics Inc.' );
insert into alerts.conversions values ( 'Class40017','Class',40017,'Clear Communications Corp.' );
insert into alerts.conversions values ( 'Class40018','Class',40018,'Appian Communications, Inc.' );
insert into alerts.conversions values ( 'Class40019','Class',40019,'Ambeo' );
insert into alerts.conversions values ( 'Class40020','Class',40020,'Amber Networks' );
insert into alerts.conversions values ( 'Class40021','Class',40021,'AutoNoc Innovations' );
insert into alerts.conversions values ( 'Class40022','Class',40022,'Support.com' );
insert into alerts.conversions values ( 'Class40023','Class',40023,'Broadband Access Systems' );
insert into alerts.conversions values ( 'Class40024','Class',40024,'Applied Innovations' );
insert into alerts.conversions values ( 'Class40025','Class',40025,'Megisto Systems' );
insert into alerts.conversions values ( 'Class40026','Class',40026,'Aprisma' );
insert into alerts.conversions values ( 'Class40027','Class',40027,'Arbor Networks' );
insert into alerts.conversions values ( 'Class40028','Class',40028,'Architel' );
insert into alerts.conversions values ( 'Class40029','Class',40029,'Atoga Systems' );
insert into alerts.conversions values ( 'Class40030','Class',40030,'Atrica (SNMP Trap)' );
insert into alerts.conversions values ( 'Class40031','Class',40031,'Asta Networks' );
insert into alerts.conversions values ( 'Class40032','Class',40032,'Asita Technologies' );
insert into alerts.conversions values ( 'Class40033','Class',40033,'Avici Systems' );
insert into alerts.conversions values ( 'Class40034','Class',40034,'Clear Communications Corp.' );
insert into alerts.conversions values ( 'Class40035','Class',40035,'Caly Networks' );
insert into alerts.conversions values ( 'Class40036','Class',40036,'Caspian Networks' );
insert into alerts.conversions values ( 'Class40037','Class',40037,'OpenService NerveCenter' );
insert into alerts.conversions values ( 'Class40038','Class',40038,'OpenService' );
insert into alerts.conversions values ( 'Class40039','Class',40039,'Jacobs Rimell, Ltd.' );
insert into alerts.conversions values ( 'Class40040','Class',40040,'Cheetah Technologies' );
insert into alerts.conversions values ( 'Class40041','Class',40041,'Entercept Security Technologies (SNMP Trap)' );
insert into alerts.conversions values ( 'Class40042','Class',40042,'Network Harmoni' );
insert into alerts.conversions values ( 'Class40043','Class',40043,'Metro-Optix (CityStream)' );
insert into alerts.conversions values ( 'Class40044','Class',40044,'The Valence Company' );
insert into alerts.conversions values ( 'Class40045','Class',40045,'Netro Corporation' );
insert into alerts.conversions values ( 'Class40046','Class',40046,'SolSoft' );
insert into alerts.conversions values ( 'Class40047','Class',40047,'Colubris Networks' );
insert into alerts.conversions values ( 'Class40048','Class',40048,'Network Physics' );
insert into alerts.conversions values ( 'Class40049','Class',40049,'CPLANE, Inc.' );
insert into alerts.conversions values ( 'Class40050','Class',40050,'Panduit PanView' );
insert into alerts.conversions values ( 'Class40051','Class',40051,'Invoq Systems' );
insert into alerts.conversions values ( 'Class40052','Class',40052,'Tropic Networks Inc.' );
insert into alerts.conversions values ( 'Class40053','Class',40053,'BEA' );
insert into alerts.conversions values ( 'Class40054','Class',40054,'BladeLogic' );
insert into alerts.conversions values ( 'Class40055','Class',40055,'Ciena' );
insert into alerts.conversions values ( 'Class40056','Class',40056,'Cinta-Corp' );
insert into alerts.conversions values ( 'Class40057','Class',40057,'Cisco' );
insert into alerts.conversions values ( 'Class40058','Class',40058,'CoManage' );
insert into alerts.conversions values ( 'Class40059','Class',40059,'Brocade Communications' );
insert into alerts.conversions values ( 'Class40060','Class',40060,'Connex' );
insert into alerts.conversions values ( 'Class40061','Class',40061,'Tripwire (SNMP Trap)' );
insert into alerts.conversions values ( 'Class40062','Class',40062,'Nokia Security' );
insert into alerts.conversions values ( 'Class40063','Class',40063,'Quantiva' );
insert into alerts.conversions values ( 'Class40064','Class',40064,'Concord Commmunications' );
insert into alerts.conversions values ( 'Class40065','Class',40065,'Copper Mountain' );
insert into alerts.conversions values ( 'Class40066','Class',40066,'Sana Security' );
insert into alerts.conversions values ( 'Class40067','Class',40067,'Cosine Communications' );
insert into alerts.conversions values ( 'Class40069','Class',40069,'Cramer Systems' );
insert into alerts.conversions values ( 'Class40070','Class',40070,'Crosskeys' );
insert into alerts.conversions values ( 'Class40071','Class',40071,'Data Power Technology' );
insert into alerts.conversions values ( 'Class40073','Class',40073,'Crescent Networks' );
insert into alerts.conversions values ( 'Class40075','Class',40075,'Desktalk (Trinagy)' );
insert into alerts.conversions values ( 'Class40077','Class',40077,'Dirig Software' );
insert into alerts.conversions values ( 'Class40078','Class',40078,'Eccord Systems' );
insert into alerts.conversions values ( 'Class40079','Class',40079,'ENA' );
insert into alerts.conversions values ( 'Class40080','Class',40080,'Edge Technologies' );
insert into alerts.conversions values ( 'Class40081','Class',40081,'Ennovate Networks' );
insert into alerts.conversions values ( 'Class40082','Class',40082,'Enlighten Software' );
insert into alerts.conversions values ( 'Class40083','Class',40083,'Entuity' );
insert into alerts.conversions values ( 'Class40084','Class',40084,'Emperative' );
insert into alerts.conversions values ( 'Class40085','Class',40085,'Ericsson' );
insert into alerts.conversions values ( 'Class40086','Class',40086,'IETF (Internet Engineering Task Force)' );
insert into alerts.conversions values ( 'Class40087','Class',40087,'IANA (Internet Assigned Numbers Authority)' );
insert into alerts.conversions values ( 'Class40088','Class',40088,'ATM Forum' );
insert into alerts.conversions values ( 'Class40089','Class',40089,'DMTF (Desktop Management Task Force)' );
insert into alerts.conversions values ( 'Class40090','Class',40090,'IEEE (Institute of Electrical and Electronics Engineers)' );
insert into alerts.conversions values ( 'Class40091','Class',40091,'ITU (International Telecommunications Union)' );
insert into alerts.conversions values ( 'Class40092','Class',40092,'Critical Watch VMS' );
insert into alerts.conversions values ( 'Class40093','Class',40093,'RLE Technologies' );
insert into alerts.conversions values ( 'Class40094','Class',40094,'Nokia' );
insert into alerts.conversions values ( 'Class40096','Class',40096,'Cyberguard' );
insert into alerts.conversions values ( 'Class40097','Class',40097,'Critical Watch Assessment' );
insert into alerts.conversions values ( 'Class40098','Class',40098,'Critical Watch Rapid Alert' );
insert into alerts.conversions values ( 'Class401','Class',401,'HP NNMv8' );
insert into alerts.conversions values ( 'Class40100','Class',40100,'Fujitsu Telecommunications Europe' );
insert into alerts.conversions values ( 'Class40105','Class',40105,'Fujitsu (Netsmart)' );
insert into alerts.conversions values ( 'Class40110','Class',40110,'F5 Networks BIG-IP' );
insert into alerts.conversions values ( 'Class40118','Class',40118,'Motorola General Instruments' );
insert into alerts.conversions values ( 'Class40121','Class',40121,'MTS' );
insert into alerts.conversions values ( 'Class40124','Class',40124,'GoldWire Technology' );
insert into alerts.conversions values ( 'Class40125','Class',40125,'Harmonic' );
insert into alerts.conversions values ( 'Class40130','Class',40130,'Halcyon' );
insert into alerts.conversions values ( 'Class40135','Class',40135,'Hitach JP-1' );
insert into alerts.conversions values ( 'Class40140','Class',40140,'Heroix Corporation' );
insert into alerts.conversions values ( 'Class40141','Class',40141,'Sandvine' );
insert into alerts.conversions values ( 'Class40142','Class',40142,'Agilent' );
insert into alerts.conversions values ( 'Class40143','Class',40143,'Miltel Communications' );
insert into alerts.conversions values ( 'Class40144','Class',40144,'DDL Systems' );
insert into alerts.conversions values ( 'Class40145','Class',40145,'Hitachi Telecom (USA)' );
insert into alerts.conversions values ( 'Class40147','Class',40147,'Holistix' );
insert into alerts.conversions values ( 'Class40150','Class',40150,'InkTomi' );
insert into alerts.conversions values ( 'Class40155','Class',40155,'Movaz Networks' );
insert into alerts.conversions values ( 'Class40160','Class',40160,'Integrated Research' );
insert into alerts.conversions values ( 'Class40165','Class',40165,'Intelliden' );
insert into alerts.conversions values ( 'Class40170','Class',40170,'Intersect Technologies' );
insert into alerts.conversions values ( 'Class40175','Class',40175,'InRange' );
insert into alerts.conversions values ( 'Class40176','Class',40176,'IronBridge Networks' );
insert into alerts.conversions values ( 'Class40178','Class',40178,'Riverstone Networks' );
insert into alerts.conversions values ( 'Class40180','Class',40180,'IP Highway' );
insert into alerts.conversions values ( 'Class40183','Class',40183,'IpVerse' );
insert into alerts.conversions values ( 'Class40184','Class',40184,'Viryanet' );
insert into alerts.conversions values ( 'Class40185','Class',40185,'Keynote Systems' );
insert into alerts.conversions values ( 'Class40186','Class',40186,'Luminous Networks' );
insert into alerts.conversions values ( 'Class40187','Class',40187,'Linmor Technologies' );
insert into alerts.conversions values ( 'Class40188','Class',40188,'Luxn' );
insert into alerts.conversions values ( 'Class40192','Class',40192,'Kabira Technologies' );
insert into alerts.conversions values ( 'Class40197','Class',40197,'Keymile UNEM' );
insert into alerts.conversions values ( 'Class402','Class',402,'HP NNM WS' );
insert into alerts.conversions values ( 'Class4020','Class',4020,'MRV Communications - Megavision NMS' );
insert into alerts.conversions values ( 'Class40200','Class',40200,'Juniper Networks' );
insert into alerts.conversions values ( 'Class40205','Class',40205,'Magnum Technologies' );
insert into alerts.conversions values ( 'Class40210','Class',40210,'Minacom Labs' );
insert into alerts.conversions values ( 'Class40215','Class',40215,'Mycom' );
insert into alerts.conversions values ( 'Class40220','Class',40220,'Mediation Technologies' );
insert into alerts.conversions values ( 'Class40221','Class',40221,'Mspect' );
insert into alerts.conversions values ( 'Class40223','Class',40223,'Nokia IPRG' );
insert into alerts.conversions values ( 'Class40224','Class',40224,'Nexsi Corporation' );
insert into alerts.conversions values ( 'Class40225','Class',40225,'Mercury Interactive' );
insert into alerts.conversions values ( 'Class40226','Class',40226,'Nortel Networks Access Division' );
insert into alerts.conversions values ( 'Class40227','Class',40227,'Nortel Networks Network Mgmt Division' );
insert into alerts.conversions values ( 'Class40228','Class',40228,'Nayna Networks' );
insert into alerts.conversions values ( 'Class40229','Class',40229,'Network Ice' );
insert into alerts.conversions values ( 'Class40230','Class',40230,'Niksun' );
insert into alerts.conversions values ( 'Class40231','Class',40231,'ISS' );
insert into alerts.conversions values ( 'Class40232','Class',40232,'Keynote Systems' );
insert into alerts.conversions values ( 'Class40233','Class',40233,'Merlin Systems, Inc.' );
insert into alerts.conversions values ( 'Class40234','Class',40234,'NetIQ (VoIP)' );
insert into alerts.conversions values ( 'Class40235','Class',40235,'NetIQ (AppManager)' );
insert into alerts.conversions values ( 'Class40236','Class',40236,'NetBotz' );
insert into alerts.conversions values ( 'Class40237','Class',40237,'NetIQ (Microsoft MOM)' );
insert into alerts.conversions values ( 'Class40250','Class',40250,'Netscreen Technologies (IDP)' );
insert into alerts.conversions values ( 'Class40251','Class',40251,'Netscreen Technologies(SM)' );
insert into alerts.conversions values ( 'Class40252','Class',40252,'Netscreen Technologies(ScreenOS)' );
insert into alerts.conversions values ( 'Class40253','Class',40253,'NetRealtiy' );
insert into alerts.conversions values ( 'Class40254','Class',40254,'NetPredict' );
insert into alerts.conversions values ( 'Class40255','Class',40255,'NetOPS' );
insert into alerts.conversions values ( 'Class40260','Class',40260,'Netro Corporation' );
insert into alerts.conversions values ( 'Class40261','Class',40261,'Nortel Networks ATM DIV' );
insert into alerts.conversions values ( 'Class40262','Class',40262,'Netscout Systems' );
insert into alerts.conversions values ( 'Class40263','Class',40263,'N.E.T.' );
insert into alerts.conversions values ( 'Class40264','Class',40264,'ONI Systems' );
insert into alerts.conversions values ( 'Class40265','Class',40265,'Optimal Networks' );
insert into alerts.conversions values ( 'Class40266','Class',40266,'NetScreen Technologies' );
insert into alerts.conversions values ( 'Class40267','Class',40267,'Orchestream' );
insert into alerts.conversions values ( 'Class40268','Class',40268,'Quallaby' );
insert into alerts.conversions values ( 'Class40269','Class',40269,'Radview' );
insert into alerts.conversions values ( 'Class40270','Class',40270,'Packeteer' );
insert into alerts.conversions values ( 'Class40271','Class',40271,'Ocular Networks' );
insert into alerts.conversions values ( 'Class40272','Class',40272,'Redback Networks' );
insert into alerts.conversions values ( 'Class40273','Class',40273,'RQCS' );
insert into alerts.conversions values ( 'Class40274','Class',40274,'Open Communications' );
insert into alerts.conversions values ( 'Class40275','Class',40275,'Pairgain' );
insert into alerts.conversions values ( 'Class40276','Class',40276,'Quest Software' );
insert into alerts.conversions values ( 'Class40277','Class',40277,'Openwave' );
insert into alerts.conversions values ( 'Class40278','Class',40278,'Riverstone Networks' );
insert into alerts.conversions values ( 'Class40279','Class',40279,'Network Associates' );
insert into alerts.conversions values ( 'Class40280','Class',40280,'Pegasystems' );
insert into alerts.conversions values ( 'Class40282','Class',40282,'OSIX' );
insert into alerts.conversions values ( 'Class40283','Class',40283,'Overture Networks - Syslog' );
insert into alerts.conversions values ( 'Class40284','Class',40284,'Overture Networks - SNMP Trap' );
insert into alerts.conversions values ( 'Class40285','Class',40285,'Peregrine Systems' );
insert into alerts.conversions values ( 'Class40286','Class',40286,'Protek' );
insert into alerts.conversions values ( 'Class40287','Class',40287,'Precise Software Solutions' );
insert into alerts.conversions values ( 'Class40290','Class',40290,'Pixstream' );
insert into alerts.conversions values ( 'Class40293','Class',40293,'Portal Software' );
insert into alerts.conversions values ( 'Class40295','Class',40295,'Price Waterhouse' );
insert into alerts.conversions values ( 'Class40298','Class',40298,'Ponte' );
insert into alerts.conversions values ( 'Class40300','Class',40300,'Primal Solutions' );
insert into alerts.conversions values ( 'Class40305','Class',40305,'Procket Networks' );
insert into alerts.conversions values ( 'Class40310','Class',40310,'Quarry Technologies' );
insert into alerts.conversions values ( 'Class40315','Class',40315,'Scientific Atlanta' );
insert into alerts.conversions values ( 'Class40316','Class',40316,'Servelec Limited' );
insert into alerts.conversions values ( 'Class40320','Class',40320,'Singlepoint Limited' );
insert into alerts.conversions values ( 'Class40325','Class',40325,'Sitara Networks' );
insert into alerts.conversions values ( 'Class40326','Class',40326,'Southernview' );
insert into alerts.conversions values ( 'Class40329','Class',40329,'Sorrento Networks' );
insert into alerts.conversions values ( 'Class40330','Class',40330,'Sycamore Networks' );
insert into alerts.conversions values ( 'Class40333','Class',40333,'Synchrony' );
insert into alerts.conversions values ( 'Class40334','Class',40334,'Tachion Networks' );
insert into alerts.conversions values ( 'Class40335','Class',40335,'Syndesis' );
insert into alerts.conversions values ( 'Class40336','Class',40336,'Teleknowledge' );
insert into alerts.conversions values ( 'Class40337','Class',40337,'Tellabs' );
insert into alerts.conversions values ( 'Class40338','Class',40338,'Tek-Tools' );
insert into alerts.conversions values ( 'Class40339','Class',40339,'Tollgrade' );
insert into alerts.conversions values ( 'Class40340','Class',40340,'Trendium' );
insert into alerts.conversions values ( 'Class40342','Class',40342,'Tellabs 5500 NGX Digital Cross Connect' );
insert into alerts.conversions values ( 'Class40343','Class',40343,'Tellabs 7190 Element Manager' );
insert into alerts.conversions values ( 'Class40345','Class',40345,'UUNet' );
insert into alerts.conversions values ( 'Class40350','Class',40350,'Vitria' );
insert into alerts.conversions values ( 'Class40351','Class',40351,'Zaffire' );
insert into alerts.conversions values ( 'Class40352','Class',40352,'Visual Networks' );
insert into alerts.conversions values ( 'Class40354','Class',40354,'Visualware' );
insert into alerts.conversions values ( 'Class40356','Class',40356,'Scientific Atlanta' );
insert into alerts.conversions values ( 'Class40358','Class',40358,'Xtera Communications' );
insert into alerts.conversions values ( 'Class40360','Class',40360,'Copper Mountain' );
insert into alerts.conversions values ( 'Class40363','Class',40363,'Viewgate Networks' );
insert into alerts.conversions values ( 'Class40365','Class',40365,'Visionael Corporation' );
insert into alerts.conversions values ( 'Class40367','Class',40367,'Wavesmith Networks' );
insert into alerts.conversions values ( 'Class40369','Class',40369,'White Rock Networks' );
insert into alerts.conversions values ( 'Class40371','Class',40371,'Juniper-JUNOS  syslog' );
insert into alerts.conversions values ( 'Class40373','Class',40373,'Juniper-JUNOS SNMP' );
insert into alerts.conversions values ( 'Class40375','Class',40375,'Juniper-JUNOSe SNMP' );
insert into alerts.conversions values ( 'Class40376','Class',40376,'Juniper-JUNOSe syslog' );
insert into alerts.conversions values ( 'Class40378','Class',40378,'Tripwire for Servers (E-Mail)' );
insert into alerts.conversions values ( 'Class40379','Class',40379,'Tripwire for Servers (NT Event Log)' );
insert into alerts.conversions values ( 'Class40380','Class',40380,'Tripwire for Servers (Syslog)' );
insert into alerts.conversions values ( 'Class40385','Class',40385,'Entercept Security Technologies HIDS (Syslog)' );
insert into alerts.conversions values ( 'Class40390','Class',40390,'SonicWALL Firewall (Syslog)' );
insert into alerts.conversions values ( 'Class40391','Class',40391,'SonicWALL (SNMP Trap)' );
insert into alerts.conversions values ( 'Class40395','Class',40395,'Opnet Technologies' );
insert into alerts.conversions values ( 'Class40400','Class',40400,'Siemens IN' );
insert into alerts.conversions values ( 'Class40405','Class',40405,'Siemens NetManager' );
insert into alerts.conversions values ( 'Class40410','Class',40410,'Siemens SPOTS' );
insert into alerts.conversions values ( 'Class40415','Class',40415,'Siemens NetViewer' );
insert into alerts.conversions values ( 'Class40420','Class',40420,'Siemens IP Manager' );
insert into alerts.conversions values ( 'Class40425','Class',40425,'Siemens @vantage Commander' );
insert into alerts.conversions values ( 'Class40430','Class',40430,'Siemens AccessIntegrator' );
insert into alerts.conversions values ( 'Class40435','Class',40435,'Secure Computing' );
insert into alerts.conversions values ( 'Class40440','Class',40440,'Polaris Networks OMX' );
insert into alerts.conversions values ( 'Class40445','Class',40445,'Spirent' );
insert into alerts.conversions values ( 'Class40450','Class',40450,'Redfern Broadband Networks' );
insert into alerts.conversions values ( 'Class40452','Class',40452,'Rocksteady (RocksteadyNSA)' );
insert into alerts.conversions values ( 'Class40455','Class',40455,'Cloudshield' );
insert into alerts.conversions values ( 'Class40457','Class',40457,'Collation (Confignia)' );
insert into alerts.conversions values ( 'Class40460','Class',40460,'Rendition Networks' );
insert into alerts.conversions values ( 'Class40462','Class',40462,'Covaro Networks (CC16000)' );
insert into alerts.conversions values ( 'Class40463','Class',40463,'Covaro Networks(NID)' );
insert into alerts.conversions values ( 'Class40465','Class',40465,'Wibhu' );
insert into alerts.conversions values ( 'Class40467','Class',40467,'Core Networks (CoreMeter)' );
insert into alerts.conversions values ( 'Class40470','Class',40470,'UCDavis' );
insert into alerts.conversions values ( 'Class40475','Class',40475,'Turin Networks SNMP' );
insert into alerts.conversions values ( 'Class40480','Class',40480,'NEC (Pasolink NEO)' );
insert into alerts.conversions values ( 'Class40481','Class',40481,'NEC (Enlite)' );
insert into alerts.conversions values ( 'Class40482','Class',40482,'NEC (Pasolink PNMSj)' );
insert into alerts.conversions values ( 'Class40485','Class',40485,'Avaya (SNMP integration with Definity G3 PBX)' );
insert into alerts.conversions values ( 'Class40490','Class',40490,'Nera Networks(NEW NMS)' );
insert into alerts.conversions values ( 'Class40495','Class',40495,'Nera Networks NetMaster' );
insert into alerts.conversions values ( 'Class40497','Class',40497,'Voyence (VoyenceControl)' );
insert into alerts.conversions values ( 'Class4050','Class',4050,'Nokia NMS100' );
insert into alerts.conversions values ( 'Class40500','Class',40500,'Ciena (CN2300) TL1' );
insert into alerts.conversions values ( 'Class40501','Class',40501,'Ciena (CN4300) TL1' );
insert into alerts.conversions values ( 'Class40502','Class',40502,'Ciena (CN2200)' );
insert into alerts.conversions values ( 'Class40503','Class',40503,'Ciena (CN4200) TL1' );
insert into alerts.conversions values ( 'Class40504','Class',40504,'Ciena (Wavesmith DN7xxx) SNMP' );
insert into alerts.conversions values ( 'Class40505','Class',40505,'Ciena (OnLine Metro)' );
insert into alerts.conversions values ( 'Class40506','Class',40506,'Ciena SNMP' );
insert into alerts.conversions values ( 'Class40520','Class',40520,'Aircom-Optima' );
insert into alerts.conversions values ( 'Class40525','Class',40525,'Attention Software (Notification System)' );
insert into alerts.conversions values ( 'Class40530','Class',40530,'Oracle (Enterprise Manager)' );
insert into alerts.conversions values ( 'Class40535','Class',40535,'Hatteras Networks' );
insert into alerts.conversions values ( 'Class40538','Class',40538,'Laurel Networks (ST Series Service Edge Router)' );
insert into alerts.conversions values ( 'Class40540','Class',40540,'McAfee(Intrushield)' );
insert into alerts.conversions values ( 'Class40541','Class',40541,'McAfee(Foundstone)' );
insert into alerts.conversions values ( 'Class40542','Class',40542,'Lucent Metropolis WSM' );
insert into alerts.conversions values ( 'Class40545','Class',40545,'Pedestal Networks (UBS)' );
insert into alerts.conversions values ( 'Class40550','Class',40550,'Atrica (Syslog)' );
insert into alerts.conversions values ( 'Class40555','Class',40555,'Lucent Feature Server 3000' );
insert into alerts.conversions values ( 'Class40560','Class',40560,'NetTest (MasterQuest)' );
insert into alerts.conversions values ( 'Class40565','Class',40565,'ADVA AG Optical Networking(FSP-NM)' );
insert into alerts.conversions values ( 'Class40570','Class',40570,'Brix Networks' );
insert into alerts.conversions values ( 'Class40576','Class',40576,'Huawei N2000' );
insert into alerts.conversions values ( 'Class40577','Class',40577,'Huawei AR-series' );
insert into alerts.conversions values ( 'Class40578','Class',40578,'Huawei S-Series' );
insert into alerts.conversions values ( 'Class40579','Class',40579,'Huawei NetEngine' );
insert into alerts.conversions values ( 'Class40580','Class',40580,'Huawei Optix Metro' );
insert into alerts.conversions values ( 'Class40581','Class',40581,'Huawei T2000' );
insert into alerts.conversions values ( 'Class40582','Class',40582,'Huawei M2000' );
insert into alerts.conversions values ( 'Class40583','Class',40583,'Huawei I2000' );
insert into alerts.conversions values ( 'Class40605','Class',40605,'Empirix (Hammer XMS)' );
insert into alerts.conversions values ( 'Class40620','Class',40620,'Dorado Software(RedCell)' );
insert into alerts.conversions values ( 'Class40625','Class',40625,'Infinera (Fault Integration Server)' );
insert into alerts.conversions values ( 'Class40626','Class',40626,'Infinera DTN' );
insert into alerts.conversions values ( 'Class40630','Class',40630,'Marconi XCD5000 SoftSwitch' );
insert into alerts.conversions values ( 'Class40635','Class',40635,'Opvista(Wavemaster)' );
insert into alerts.conversions values ( 'Class40640','Class',40640,'MetaSwitch EMS' );
insert into alerts.conversions values ( 'Class40642','Class',40642,'Mazu Networks' );
insert into alerts.conversions values ( 'Class40645','Class',40645,'Panduit (Managed Network Solutions)' );
insert into alerts.conversions values ( 'Class40650','Class',40650,'Aktino (AK4000)' );
insert into alerts.conversions values ( 'Class40653','Class',40653,'Apertio One' );
insert into alerts.conversions values ( 'Class40655','Class',40655,'Fujitsu FlashWave' );
insert into alerts.conversions values ( 'Class40660','Class',40660,'Foundry Networks' );
insert into alerts.conversions values ( 'Class40665','Class',40665,'Schmid Telecom - watson TDM' );
insert into alerts.conversions values ( 'Class40670','Class',40670,'AlterPoint DeviceAuthority' );
insert into alerts.conversions values ( 'Class40675','Class',40675,'Radcom Omni-Q' );
insert into alerts.conversions values ( 'Class40676','Class',40676,'Quest Controls' );
insert into alerts.conversions values ( 'Class40677','Class',40677,'Airwave Wireless' );
insert into alerts.conversions values ( 'Class40678','Class',40678,'Iptivia RouteDynamics' );
insert into alerts.conversions values ( 'Class40679','Class',40679,'Hammerhead Systems' );
insert into alerts.conversions values ( 'Class40680','Class',40680,'CA Wily Technology' );
insert into alerts.conversions values ( 'Class40682','Class',40682,'Acme Packet  - Net-Net' );
insert into alerts.conversions values ( 'Class40684','Class',40684,'Symmetricom' );
insert into alerts.conversions values ( 'Class40686','Class',40686,'Tektronix GeoProbe' );
insert into alerts.conversions values ( 'Class40688','Class',40688,'Alcatel 1340' );
insert into alerts.conversions values ( 'Class40689','Class',40689,'Ericsson ServiceOn Microwave' );
insert into alerts.conversions values ( 'Class40690','Class',40690,'ECI Telecom - OPS Management System' );
insert into alerts.conversions values ( 'Class40700','Class',40700,'Riverbed Technology' );
insert into alerts.conversions values ( 'Class4100','Class',4100,'Nokia NMS2000' );
insert into alerts.conversions values ( 'Class4150','Class',4150,'Nokia NMS1000' );
insert into alerts.conversions values ( 'Class4200','Class',4200,'ECI/eNM' );
insert into alerts.conversions values ( 'Class4250','Class',4250,'CastleRock Snmpc5' );
insert into alerts.conversions values ( 'Class4300','Class',4300,'FIFO Probe' );
insert into alerts.conversions values ( 'Class4350','Class',4350,'Nortel Magellan NMS' );
insert into alerts.conversions values ( 'Class4400','Class',4400,'Generic Probe' );
insert into alerts.conversions values ( 'Class4500','Class',4500,'Ascom PANMAN' );
insert into alerts.conversions values ( 'Class4600','Class',4600,'BMC Patrol' );
insert into alerts.conversions values ( 'Class4650','Class',4650,'Alcatel AWS' );
insert into alerts.conversions values ( 'Class4700','Class',4700,'RADIUS Probe' );
insert into alerts.conversions values ( 'Class4750','Class',4750,'Sun Management Center' );
insert into alerts.conversions values ( 'Class4800','Class',4800,'Tellabs Titan' );
insert into alerts.conversions values ( 'Class4850','Class',4850,'Tandem_SCP' );
insert into alerts.conversions values ( 'Class4900','Class',4900,'Alcatel OS-OS' );
insert into alerts.conversions values ( 'Class4905','Class',4905,'Alcatel 5580 HDM' );
insert into alerts.conversions values ( 'Class4910','Class',4910,'Alcatel_s12' );
insert into alerts.conversions values ( 'Class4915','Class',4915,'Alcatel OMCR 1353 RA-B10 Q3 probe' );
insert into alerts.conversions values ( 'Class4920','Class',4920,'Alcatel XMC CORBA Probe' );
insert into alerts.conversions values ( 'Class4950','Class',4950,'Alcatel 5620 Corba' );
insert into alerts.conversions values ( 'Class4951','Class',4951,'Alcatel 5529 oad' );
insert into alerts.conversions values ( 'Class4955','Class',4955,'Alcatel_SAM' );
insert into alerts.conversions values ( 'Class4957','Class',4957,'Alcatel 5620 sam v5' );
insert into alerts.conversions values ( 'Class4958','Class',4958,'Alcatel 5620 sam v6' );
insert into alerts.conversions values ( 'Class4959','Class',4959,'Alcatel 9753 OMC WR' );
insert into alerts.conversions values ( 'Class4960','Class',4960,'cisco_ctm_corba' );
insert into alerts.conversions values ( 'Class4961','Class',4961,'Alcatel 5620 SAM v7' );
insert into alerts.conversions values ( 'Class4962','Class',4962,'Alcatel 5620 SAM v8' );
insert into alerts.conversions values ( 'Class4963','Class',4963,'Alcatel 5620 SAM V8 Corba' );
insert into alerts.conversions values ( 'Class4964','Class',4964,'Alcatel 5620 SAM v9' );
insert into alerts.conversions values ( 'Class500','Class',500,'Mttrapd_ems' );
insert into alerts.conversions values ( 'Class5000','Class',5000,'Generic ODBC Probe' );
insert into alerts.conversions values ( 'Class5001','Class',5001,'RuggedCom' );
insert into alerts.conversions values ( 'Class5010','Class',5010,'ZTE Corba wcdma' );
insert into alerts.conversions values ( 'Class5011','Class',5011,'ZTE Corba fixednms' );
insert into alerts.conversions values ( 'Class5012','Class',5012,'ZTE E300' );
insert into alerts.conversions values ( 'Class5013','Class',5013,'ZTE M31' );
insert into alerts.conversions values ( 'Class5100','Class',5100,'Nortel INM (Sonet/SDH)' );
insert into alerts.conversions values ( 'Class5101','Class',5101,'Nortel OSSI' );
insert into alerts.conversions values ( 'Class5150','Class',5150,'Nortel_evdo' );
insert into alerts.conversions values ( 'Class5155','Class',5155,'Genband IEMS' );
insert into alerts.conversions values ( 'Class5157','Class',5157,'Nortel_mtosi_V11' );
insert into alerts.conversions values ( 'Class5159','Class',5159,'Nortel CNM' );
insert into alerts.conversions values ( 'Class5161','Class',5161,'Nortel C-EMS' );
insert into alerts.conversions values ( 'Class5200','Class',5200,'Cabletron Spectrum' );
insert into alerts.conversions values ( 'Class5201','Class',5201,'Nolio' );
insert into alerts.conversions values ( 'Class5202','Class',5202,'Retalix' );
insert into alerts.conversions values ( 'Class5203','Class',5203,'Intellinx Ltd' );
insert into alerts.conversions values ( 'Class5210','Class',5210,'Indeni Limited' );
insert into alerts.conversions values ( 'Class5300','Class',5300,'Root Cause Analysis' );
insert into alerts.conversions values ( 'Class5400','Class',5400,'RTSP ISM' );
insert into alerts.conversions values ( 'Class5450','Class',5450,'SMS' );
insert into alerts.conversions values ( 'Class5550','Class',5550,'MMS' );
insert into alerts.conversions values ( 'Class5650','Class',5650,'WAP' );
insert into alerts.conversions values ( 'Class5750','Class',5750,'TFTP ISM' );
insert into alerts.conversions values ( 'Class5760','Class',5760,'SIP ISM' );
insert into alerts.conversions values ( 'Class5770','Class',5770,'SOAP ISM' );
insert into alerts.conversions values ( 'Class5800','Class',5800,'DNS ISM' );
insert into alerts.conversions values ( 'Class5850','Class',5850,'DHCP ISM' );
insert into alerts.conversions values ( 'Class5900','Class',5900,'FTP ISM' );
insert into alerts.conversions values ( 'Class5950','Class',5950,'Dial ISM' );
insert into alerts.conversions values ( 'Class600','Class',600,'Nokia Netact Wireless Internet 3GPP Server' );
insert into alerts.conversions values ( 'Class6000','Class',6000,'HTTP ISM' );
insert into alerts.conversions values ( 'Class60000','Class',60000,'Firewall Generic' );
insert into alerts.conversions values ( 'Class60001','Class',60001,'Firewall -1' );
insert into alerts.conversions values ( 'Class60002','Class',60002,'PIX' );
insert into alerts.conversions values ( 'Class6050','Class',6050,'NTP ISM' );
insert into alerts.conversions values ( 'Class6100','Class',6100,'HTTPS ISM' );
insert into alerts.conversions values ( 'Class61000','Class',61000,'IDS Generic' );
insert into alerts.conversions values ( 'Class61001','Class',61001,'IDS-POST' );
insert into alerts.conversions values ( 'Class61002','Class',61002,'IDS-RDEP' );
insert into alerts.conversions values ( 'Class61003','Class',61003,'ISS SiteProtector' );
insert into alerts.conversions values ( 'Class61004','Class',61004,'ISS WorkGroup Manager' );
insert into alerts.conversions values ( 'Class61005','Class',61005,'Network Flight Recorder' );
insert into alerts.conversions values ( 'Class61006','Class',61006,'SDEE' );
insert into alerts.conversions values ( 'Class6150','Class',6150,'RPING ISM' );
insert into alerts.conversions values ( 'Class6200','Class',6200,'IMAP4 ISM' );
insert into alerts.conversions values ( 'Class62000','Class',62000,'AAA Generic' );
insert into alerts.conversions values ( 'Class62001','Class',62001,'Cisco ACS' );
insert into alerts.conversions values ( 'Class6250','Class',6250,'SNMP ISM' );
insert into alerts.conversions values ( 'Class6300','Class',6300,'LDAP ISM' );
insert into alerts.conversions values ( 'Class63000','Class',63000,'Anti-Virus Generic' );
insert into alerts.conversions values ( 'Class6350','Class',6350,'TRANSX ISM' );
insert into alerts.conversions values ( 'Class6400','Class',6400,'NNTP ISM' );
insert into alerts.conversions values ( 'Class64000','Class',64000,'VPN Generic' );
insert into alerts.conversions values ( 'Class6450','Class',6450,'IPM' );
insert into alerts.conversions values ( 'Class6451','Class',6451,'IPMOutageStart' );
insert into alerts.conversions values ( 'Class6452','Class',6452,'IPMOutageEnd' );
insert into alerts.conversions values ( 'Class6453','Class',6453,'IPMULAPass' );
insert into alerts.conversions values ( 'Class6454','Class',6454,'IPMULAFail' );
insert into alerts.conversions values ( 'Class6455','Class',6455,'IPMTrend' );
insert into alerts.conversions values ( 'Class6456','Class',6456,'IPMDataSourceStatus' );
insert into alerts.conversions values ( 'Class6457','Class',6457,'IPMEngineStatus' );
insert into alerts.conversions values ( 'Class6458','Class',6458,'IPMPublisherStatus' );
insert into alerts.conversions values ( 'Class6459','Class',6459,'IPMPCECause' );
insert into alerts.conversions values ( 'Class6460','Class',6460,'IPMPCEResolution' );
insert into alerts.conversions values ( 'Class6461','Class',6461,'IPMCost' );
insert into alerts.conversions values ( 'Class6462','Class',6462,'IPMAdmin' );
insert into alerts.conversions values ( 'Class6463','Class',6463,'SM Status' );
insert into alerts.conversions values ( 'Class6464','Class',6464,'SM Threshold' );
insert into alerts.conversions values ( 'Class6500','Class',6500,'POP3 ISM' );
insert into alerts.conversions values ( 'Class65000','Class',65000,'Encryption Generic' );
insert into alerts.conversions values ( 'Class6550','Class',6550,'TL1 TSM' );
insert into alerts.conversions values ( 'Class6600','Class',6600,'RADIUS ISM' );
insert into alerts.conversions values ( 'Class66000','Class',66000,'PKI Generic' );
insert into alerts.conversions values ( 'Class6601','Class',6601,'TME10tecad' );
insert into alerts.conversions values ( 'Class6602','Class',6602,'TME10dmlog' );
insert into alerts.conversions values ( 'Class6603','Class',6603,'TME10notice' );
insert into alerts.conversions values ( 'Class6604','Class',6604,'TME10email' );
insert into alerts.conversions values ( 'Class6700','Class',6700,'SMTP ISM' );
insert into alerts.conversions values ( 'Class67000','Class',67000,'Content Filtering Generic' );
insert into alerts.conversions values ( 'Class6750','Class',6750,'SiemensTNMS(corba)' );
insert into alerts.conversions values ( 'Class6770','Class',6770,'Lucent SNMS' );
insert into alerts.conversions values ( 'Class6800','Class',6800,'TCP Port ISM' );
insert into alerts.conversions values ( 'Class6850','Class',6850,'Ericsson RANOS' );
insert into alerts.conversions values ( 'Class6855','Class',6855,'CNOSS' );
insert into alerts.conversions values ( 'Class6900','Class',6900,'ICMP ISM' );
insert into alerts.conversions values ( 'Class69000','Class',69000,'PsyQ' );
insert into alerts.conversions values ( 'Class6950','Class',6950,'Nortel Preside Wireless Internet 3GPP Server' );
insert into alerts.conversions values ( 'Class6955','Class',6955,'RIM' );
insert into alerts.conversions values ( 'Class6960','Class',6960,'Prognosis' );
insert into alerts.conversions values ( 'Class700','Class',700,'Netview' );
insert into alerts.conversions values ( 'Class7000','Class',7000,'Firewall' );
insert into alerts.conversions values ( 'Class7001','Class',7001,'FW-Known Offender' );
insert into alerts.conversions values ( 'Class7002','Class',7002,'FW-Statistics' );
insert into alerts.conversions values ( 'Class7003','Class',7003,'FW-Control' );
insert into alerts.conversions values ( 'Class7004','Class',7004,'FW-Abnormal' );
insert into alerts.conversions values ( 'Class7005','Class',7005,'FW-Account' );
insert into alerts.conversions values ( 'Class7007','Class',7007,'FW-Cisco IDS RDEP' );
insert into alerts.conversions values ( 'Class7020','Class',7020,'Cyberguard' );
insert into alerts.conversions values ( 'Class7100','Class',7100,'Ericsson AXE10' );
insert into alerts.conversions values ( 'Class7115','Class',7115,'DSCDEX' );
insert into alerts.conversions values ( 'Class7150','Class',7150,'TUSC AMS' );
insert into alerts.conversions values ( 'Class7200','Class',7200,'Alcatel NMC 1300' );
insert into alerts.conversions values ( 'Class7250','Class',7250,'Racal Milgo CMS400' );
insert into alerts.conversions values ( 'Class7300','Class',7300,'Alcatel OMC-S' );
insert into alerts.conversions values ( 'Class7325','Class',7325,'Alcatel_OMCR_3GPP' );
insert into alerts.conversions values ( 'Class7330','Class',7330,'Lucent_OMC_3GPP' );
insert into alerts.conversions values ( 'Class7350','Class',7350,'Nortel INM (Sonet/SDH)' );
insert into alerts.conversions values ( 'Class7400','Class',7400,'Oracle Table Monitor' );
insert into alerts.conversions values ( 'Class7450','Class',7450,'Tivoli TEC (Oracle)' );
insert into alerts.conversions values ( 'Class7500','Class',7500,'Tivoli TEC (Sybase)' );
insert into alerts.conversions values ( 'Class7550','Class',7550,'Siemens DCO' );
insert into alerts.conversions values ( 'Class7600','Class',7600,'PDS Schneider DCCS TSM' );
insert into alerts.conversions values ( 'Class7650','Class',7650,'Marconi System X TSM' );
insert into alerts.conversions values ( 'Class7700','Class',7700,'Marconi PFM' );
insert into alerts.conversions values ( 'Class7706','Class',7706,'Marconi PSB' );
insert into alerts.conversions values ( 'Class7707','Class',7707,'Marconi PSBv42' );
insert into alerts.conversions values ( 'Class7710','Class',7710,'Motorola_axs_vision' );
insert into alerts.conversions values ( 'Class7750','Class',7750,'CA Unicenter TNG' );
insert into alerts.conversions values ( 'Class7800','Class',7800,'Nortel MG9000 EMS' );
insert into alerts.conversions values ( 'Class7850','Class',7850,'Nortel PTM EMS' );
insert into alerts.conversions values ( 'Class7900','Class',7900,'Redback Netop' );
insert into alerts.conversions values ( 'Class7950','Class',7950,'Marconi ServiceOn Fusion for Data' );
insert into alerts.conversions values ( 'Class7955','Class',7955,'Generic Log File Probe' );
insert into alerts.conversions values ( 'Class7960','Class',7960,'Serviceon_access' );
insert into alerts.conversions values ( 'Class800','Class',800,'Newbridge 46020' );
insert into alerts.conversions values ( 'Class8000','Class',8000,'Precision [Start]' );
insert into alerts.conversions values ( 'Class8001','Class',8001,'NCP SAE' );
insert into alerts.conversions values ( 'Class8049','Class',8049,'Precision [End]' );
insert into alerts.conversions values ( 'Class8050','Class',8050,'Tekelec Eagle STP' );
insert into alerts.conversions values ( 'Class8100','Class',8100,'Tekelek LSMS' );
insert into alerts.conversions values ( 'Class8150','Class',8150,'Q3 Probe' );
insert into alerts.conversions values ( 'Class8200','Class',8200,'Nortel EAI' );
insert into alerts.conversions values ( 'Class8250','Class',8250,'Tellabs Focus NM2100' );
insert into alerts.conversions values ( 'Class8400','Class',8400,'IDS-POST' );
insert into alerts.conversions values ( 'Class8420','Class',8420,'Netscreen Technologies (IDP)' );
insert into alerts.conversions values ( 'Class850','Class',850,'Lucent G2' );
insert into alerts.conversions values ( 'Class8500','Class',8500,'IDS-RDEP' );
insert into alerts.conversions values ( 'Class8548','Class',8548,'ISS SiteProtector' );
insert into alerts.conversions values ( 'Class8550','Class',8550,'Network Flight Recorder' );
insert into alerts.conversions values ( 'Class86001','Class',86001,'Network Assure alarm forwarder' );
insert into alerts.conversions values ( 'Class86002','Class',86002,'Service Assure alarm forwarder' );
insert into alerts.conversions values ( 'Class86003','Class',86003,'Service Assure KQI State Change' );
insert into alerts.conversions values ( 'Class86004','Class',86004,'Service Assure CEM Alarms' );
insert into alerts.conversions values ( 'Class86005','Class',86005,'Service Assure SLA Violation' );
insert into alerts.conversions values ( 'Class86010','Class',86010,'Prospect Alarm Forwarder' );
insert into alerts.conversions values ( 'Class87000','Class',87000,'Panthera Networks' );
insert into alerts.conversions values ( 'Class87003','Class',87003,'Adtran' );
insert into alerts.conversions values ( 'Class87005','Class',87005,'Chipcom' );
insert into alerts.conversions values ( 'Class87007','Class',87007,'Alliedtelesyn' );
insert into alerts.conversions values ( 'Class87009','Class',87009,'Bluelance' );
insert into alerts.conversions values ( 'Class87010','Class',87010,'Trilliant' );
insert into alerts.conversions values ( 'Class87012','Class',87012,'Compaq' );
insert into alerts.conversions values ( 'Class87015','Class',87015,'ntntech' );
insert into alerts.conversions values ( 'Class87018','Class',87018,'synoptics' );
insert into alerts.conversions values ( 'Class87350','Class',87350,'IBM Director' );
insert into alerts.conversions values ( 'Class87360','Class',87360,'TNPFA' );
insert into alerts.conversions values ( 'Class87700','Class',87700,'Zenulta(Zen)' );
insert into alerts.conversions values ( 'Class87702','Class',87702,'Common Alerting Protocol Events' );
insert into alerts.conversions values ( 'Class87705','Class',87705,'SysMech(TeMIP)' );
insert into alerts.conversions values ( 'Class87720','Class',87720,'Tivoli Storage Manager' );
insert into alerts.conversions values ( 'Class87721','Class',87721,'Tivoli Application Dependency Discovery Manager' );
insert into alerts.conversions values ( 'Class87722','Class',87722,'IBM Tivoli Monitoring' );
insert into alerts.conversions values ( 'Class87723','Class',87723,'IBM Tivoli Monitoring Agent' );
insert into alerts.conversions values ( 'Class87724','Class',87724,'ITNCM' );
insert into alerts.conversions values ( 'Class87725','Class',87725,'Tivoli System Automation' );
insert into alerts.conversions values ( 'Class87726','Class',87726,'IBM Proventia' );
insert into alerts.conversions values ( 'Class87727','Class',87727,'IBM PureApplication System' );
insert into alerts.conversions values ( 'Class87728','Class',87728,'IBM Workload Deployer' );
insert into alerts.conversions values ( 'Class8888','Class',8888,'Huawei_N2000_corba' );
insert into alerts.conversions values ( 'Class8889','Class',8889,'Huawei_T2000_corba' );
insert into alerts.conversions values ( 'Class8890','Class',8890,'Huawei_M2000_MML' );
insert into alerts.conversions values ( 'Class8891','Class',8891,'Huawei_M2000_corba' );
insert into alerts.conversions values ( 'Class8895','Class',8895,'TMF814_v2' );
insert into alerts.conversions values ( 'Class8900','Class',8900,'siemens_tnms_TMF814' );
insert into alerts.conversions values ( 'Class89001','Class',89001,'UCSM' );
insert into alerts.conversions values ( 'Class89002','Class',89002,'CUCM' );
insert into alerts.conversions values ( 'Class89003','Class',89003,'CUCxN' );
insert into alerts.conversions values ( 'Class89004','Class',89004,'CUP' );
insert into alerts.conversions values ( 'Class89005','Class',89005,'Cisco DCNM LAN' );
insert into alerts.conversions values ( 'Class89006','Class',89006,'Cisco DCNM SAN' );
insert into alerts.conversions values ( 'Class89007','Class',89007,'UCCE' );
insert into alerts.conversions values ( 'Class89008','Class',89008,'CVP' );
insert into alerts.conversions values ( 'Class89100','Class',89100,'PL Series SNMP Agent' );
insert into alerts.conversions values ( 'Class89120','Class',89120,'Tivoli Endpoint Manager Exception Events' );
insert into alerts.conversions values ( 'Class89121','Class',89121,'TEM Network AP Status Events' );
insert into alerts.conversions values ( 'Class89122','Class',89122,'TEM Network Topology Notifications' );
insert into alerts.conversions values ( 'Class89200','Class',89200,'TPC Rules' );
insert into alerts.conversions values ( 'Class89210','Class',89210,'Netcool Message Bus probe' );
insert into alerts.conversions values ( 'Class89220','Class',89220,'CBE Message Bus probe' );
insert into alerts.conversions values ( 'Class89230','Class',89230,'WEF Message Bus Probe' );
insert into alerts.conversions values ( 'Class89240','Class',89240,'WBE (WebSphere Business Events) Message Bus Probe' );
insert into alerts.conversions values ( 'Class89300','Class',89300,'Predictive Events' );
insert into alerts.conversions values ( 'Class89320','Class',89320,'SA z/OS' );
insert into alerts.conversions values ( 'Class89350','Class',89350,'TSAA Events' );
insert into alerts.conversions values ( 'Class900','Class',900,'Windows NT Event Log' );
insert into alerts.conversions values ( 'Class9000','Class',9000,'ODBC Probe' );
insert into alerts.conversions values ( 'Class9050','Class',9050,'Visionary Event Reporter' );
insert into alerts.conversions values ( 'Class9200','Class',9200,'Siemens SMNOS' );
insert into alerts.conversions values ( 'Class9205','Class',9205,'siemens_rc_br85v50' );
insert into alerts.conversions values ( 'Class9206','Class',9206,'siemens_rc_umr6' );
insert into alerts.conversions values ( 'Class9207','Class',9207,'siemens_sc_scr12' );
insert into alerts.conversions values ( 'Class925','Class',925,'Windows 2008/v7 Eventlog Probe' );
insert into alerts.conversions values ( 'Class9250','Class',9250,'Siemens TNMS SNMP' );
insert into alerts.conversions values ( 'Class9300','Class',9300,'Lucent DND and ITM-NM/XMC' );
insert into alerts.conversions values ( 'Class9350','Class',9350,'Lucent ITM SC' );
insert into alerts.conversions values ( 'Class9400','Class',9400,'Lucent 5ESS' );
insert into alerts.conversions values ( 'Class9450','Class',9450,'Lucent_nfm' );
insert into alerts.conversions values ( 'Class95','Class',95,'Fujitsu FLEXR+' );
insert into alerts.conversions values ( 'Class950','Class',950,'Multiheaded  Ntlog probe' );
insert into alerts.conversions values ( 'Class955','Class',955,'Samsung_bsm' );
insert into alerts.conversions values ( 'Class9999','Class',9999,'Siemens ACVD' );
INSERT INTO alerts.conversions values ( 'Class99999', 'Class', 99999, 'SelfMonitoring');
insert into alerts.conversions values ( 'ExpireTime0','ExpireTime',0,'Not Set' );
insert into alerts.conversions values ( 'Flash0','Flash',0,'No' );
insert into alerts.conversions values ( 'Flash1','Flash',1,'Yes' );
insert into alerts.conversions values ( 'NmosCauseType0','NmosCauseType',0,'Unknown' );
insert into alerts.conversions values ( 'NmosCauseType1','NmosCauseType',1,'Root Cause' );
insert into alerts.conversions values ( 'NmosCauseType2','NmosCauseType',2,'Symptom' );
insert into alerts.conversions values ( 'NmosManagedStatus0','NmosManagedStatus',0,'Managed' );
insert into alerts.conversions values ( 'NmosManagedStatus1','NmosManagedStatus',1,'Operator unmanaged' );
insert into alerts.conversions values ( 'NmosManagedStatus2','NmosManagedStatus',2,'System unmanaged' );
insert into alerts.conversions values ( 'NmosManagedStatus3','NmosManagedStatus',3,'Out Of Scope' );
insert into alerts.conversions values ( 'NmosManagedStatus4','NmosManagedStatus',4,'Undiscovered interface' );
insert into alerts.conversions values ( 'OwnerGID0','OwnerGID',0,'Public' );
insert into alerts.conversions values ( 'OwnerGID1','OwnerGID',1,'System' );
insert into alerts.conversions values ( 'OwnerUID0','OwnerUID',0,'Root' );
insert into alerts.conversions values ( 'OwnerUID65534','OwnerUID',65534,'Nobody' );
insert into alerts.conversions values ( 'Severity0','Severity',0,'Clear' );
insert into alerts.conversions values ( 'Severity1','Severity',1,'Indeterminate' );
insert into alerts.conversions values ( 'Severity2','Severity',2,'Warning' );
insert into alerts.conversions values ( 'Severity3','Severity',3,'Minor' );
insert into alerts.conversions values ( 'Severity4','Severity',4,'Major' );
insert into alerts.conversions values ( 'Severity5','Severity',5,'Critical' );
insert into alerts.conversions values ( 'SuppressEscl0','SuppressEscl',0,'Normal' );
insert into alerts.conversions values ( 'SuppressEscl1','SuppressEscl',1,'Escalated' );
insert into alerts.conversions values ( 'SuppressEscl2','SuppressEscl',2,'Escalated-Level 2' );
insert into alerts.conversions values ( 'SuppressEscl3','SuppressEscl',3,'Escalated-Level 3' );
insert into alerts.conversions values ( 'SuppressEscl4','SuppressEscl',4,'Suppressed' );
insert into alerts.conversions values ( 'SuppressEscl5','SuppressEscl',5,'Hidden' );
insert into alerts.conversions values ( 'SuppressEscl6','SuppressEscl',6,'Maintenance' );
insert into alerts.conversions values ( 'TaskList0','TaskList',0,'Not in Task List' );
insert into alerts.conversions values ( 'TaskList1','TaskList',1,'In Task List' );
insert into alerts.conversions values ( 'Type0','Type',0,'Type Not Set' );
insert into alerts.conversions values ( 'Type1','Type',1,'Problem' );
insert into alerts.conversions values ( 'Type11','Type',11,'More Severe' );
insert into alerts.conversions values ( 'Type12','Type',12,'Less Severe' );
insert into alerts.conversions values ( 'Type13','Type',13,'Information' );
insert into alerts.conversions values ( 'Type2','Type',2,'Resolution' );
insert into alerts.conversions values ( 'Type3','Type',3,'Visionary Problem' );
insert into alerts.conversions values ( 'Type4','Type',4,'Visionary Resolution' );
insert into alerts.conversions values ( 'Type7','Type',7,'ISM New Alarm' );
insert into alerts.conversions values ( 'Type8','Type',8,'ISM Old Alarm' );
insert into alerts.conversions values ( 'X733EventType0','X733EventType',0,'Not Defined' );
insert into alerts.conversions values ( 'X733EventType1','X733EventType',1,'Communications Alarm (X.733)' );
insert into alerts.conversions values ( 'X733EventType10','X733EventType',10,'Time Domain Violation (X.736)' );
insert into alerts.conversions values ( 'X733EventType2','X733EventType',2,'Quality-of-Service Alarm (X.733)' );
insert into alerts.conversions values ( 'X733EventType3','X733EventType',3,'Processing Error (X.733)' );
insert into alerts.conversions values ( 'X733EventType4','X733EventType',4,'Equipment Alarm (X.733)' );
insert into alerts.conversions values ( 'X733EventType5','X733EventType',5,'Environmental Alarm (X.733)' );
insert into alerts.conversions values ( 'X733EventType6','X733EventType',6,'Integrity Violation (X.736)' );
insert into alerts.conversions values ( 'X733EventType7','X733EventType',7,'Operational Violation (X.736)' );
insert into alerts.conversions values ( 'X733EventType8','X733EventType',8,'Physical Violation (X.736)' );
insert into alerts.conversions values ( 'X733EventType9','X733EventType',9,'Security Service Violation (X.736)' );
insert into alerts.conversions values ( 'X733ProbableCause0','X733ProbableCause',0,'Not Defined' );
insert into alerts.conversions values ( 'X733ProbableCause100001','X733ProbableCause',100001,'Indeterminate (M.3100)' );
insert into alerts.conversions values ( 'X733ProbableCause100002','X733ProbableCause',100002,'Alarm Indication Signal (M.3100)' );
insert into alerts.conversions values ( 'X733ProbableCause100003','X733ProbableCause',100003,'Call Setup Failure (M.3100)' );
insert into alerts.conversions values ( 'X733ProbableCause100004','X733ProbableCause',100004,'Degraded Signal (M.3100)' );
insert into alerts.conversions values ( 'X733ProbableCause100005','X733ProbableCause',100005,'Far-End Receiver Failure (M.3100)' );
insert into alerts.conversions values ( 'X733ProbableCause100006','X733ProbableCause',100006,'Framing Error (M.3100)' );
insert into alerts.conversions values ( 'X733ProbableCause100007','X733ProbableCause',100007,'Loss of Frame (M.3100)' );
insert into alerts.conversions values ( 'X733ProbableCause100008','X733ProbableCause',100008,'Loss of Pointer (M.3100)' );
insert into alerts.conversions values ( 'X733ProbableCause100009','X733ProbableCause',100009,'Loss of Signal (M.3100)' );
insert into alerts.conversions values ( 'X733ProbableCause100010','X733ProbableCause',100010,'Payload Type Mismatch (M.3100)' );
insert into alerts.conversions values ( 'X733ProbableCause100011','X733ProbableCause',100011,'Transmission Error (M.3100)' );
insert into alerts.conversions values ( 'X733ProbableCause100012','X733ProbableCause',100012,'Remote Alarm Interface (M.3100)' );
insert into alerts.conversions values ( 'X733ProbableCause100013','X733ProbableCause',100013,'Excessive Bit Error Rate (M.3100)' );
insert into alerts.conversions values ( 'X733ProbableCause100014','X733ProbableCause',100014,'Path Trace Mismatch (M.3100)' );
insert into alerts.conversions values ( 'X733ProbableCause100015','X733ProbableCause',100015,'Unavailable (M.3100)' );
insert into alerts.conversions values ( 'X733ProbableCause100016','X733ProbableCause',100016,'Signal Label Mismatch (M.3100)' );
insert into alerts.conversions values ( 'X733ProbableCause100017','X733ProbableCause',100017,'Loss of MultiFrame (M.3100)' );
insert into alerts.conversions values ( 'X733ProbableCause100018','X733ProbableCause',100018,'Backplane Failure (M.3100)' );
insert into alerts.conversions values ( 'X733ProbableCause100019','X733ProbableCause',100019,'Dataset Problem (M.3100)' );
insert into alerts.conversions values ( 'X733ProbableCause100020','X733ProbableCause',100020,'Equipment Identifier Duplication (M.3100)' );
insert into alerts.conversions values ( 'X733ProbableCause100021','X733ProbableCause',100021,'External Interface Device Problem (M.3100)' );
insert into alerts.conversions values ( 'X733ProbableCause100022','X733ProbableCause',100022,'Line Card Problem (M.3100)' );
insert into alerts.conversions values ( 'X733ProbableCause100023','X733ProbableCause',100023,'Multiplexer Problem (M.3100)' );
insert into alerts.conversions values ( 'X733ProbableCause100024','X733ProbableCause',100024,'Network Element Identifier Duplication (M.3100)' );
insert into alerts.conversions values ( 'X733ProbableCause100025','X733ProbableCause',100025,'Power Problem (M.3100)' );
insert into alerts.conversions values ( 'X733ProbableCause100026','X733ProbableCause',100026,'Processor Problem (M.3100)' );
insert into alerts.conversions values ( 'X733ProbableCause100027','X733ProbableCause',100027,'Protection Path Failure (M.3100)' );
insert into alerts.conversions values ( 'X733ProbableCause100028','X733ProbableCause',100028,'Receiver Failure (M.3100)' );
insert into alerts.conversions values ( 'X733ProbableCause100029','X733ProbableCause',100029,'Replaceable Unit Missing (M.3100)' );
insert into alerts.conversions values ( 'X733ProbableCause100030','X733ProbableCause',100030,'Replaceable Unit Type Mismatch (M.3100)' );
insert into alerts.conversions values ( 'X733ProbableCause100031','X733ProbableCause',100031,'Synchronisation Source Mismatch (M.3100)' );
insert into alerts.conversions values ( 'X733ProbableCause100032','X733ProbableCause',100032,'Terminal Problem (M.3100)' );
insert into alerts.conversions values ( 'X733ProbableCause100033','X733ProbableCause',100033,'Timing Problem (M.3100)' );
insert into alerts.conversions values ( 'X733ProbableCause100034','X733ProbableCause',100034,'Transmitter Failure (M.3100)' );
insert into alerts.conversions values ( 'X733ProbableCause100035','X733ProbableCause',100035,'Trunk Card Problem (M.3100)' );
insert into alerts.conversions values ( 'X733ProbableCause100036','X733ProbableCause',100036,'Replaceable Unit Problem (M.3100)' );
insert into alerts.conversions values ( 'X733ProbableCause100037','X733ProbableCause',100037,'Air Compressor Failure (M.3100)' );
insert into alerts.conversions values ( 'X733ProbableCause100038','X733ProbableCause',100038,'Air Conditioning Failure (M.3100)' );
insert into alerts.conversions values ( 'X733ProbableCause100039','X733ProbableCause',100039,'Air Dryer Failure (M.3100)' );
insert into alerts.conversions values ( 'X733ProbableCause100040','X733ProbableCause',100040,'Battery Discharging (M.3100)' );
insert into alerts.conversions values ( 'X733ProbableCause100041','X733ProbableCause',100041,'Battery Failure (M.3100)' );
insert into alerts.conversions values ( 'X733ProbableCause100042','X733ProbableCause',100042,'Commercial Power Failure (M.3100)' );
insert into alerts.conversions values ( 'X733ProbableCause100043','X733ProbableCause',100043,'Cooling Fan Failure (M.3100)' );
insert into alerts.conversions values ( 'X733ProbableCause100044','X733ProbableCause',100044,'Engine Failure (M.3100)' );
insert into alerts.conversions values ( 'X733ProbableCause100045','X733ProbableCause',100045,'Fire Detector Failure (M.3100)' );
insert into alerts.conversions values ( 'X733ProbableCause100046','X733ProbableCause',100046,'Fuse Failure (M.3100)' );
insert into alerts.conversions values ( 'X733ProbableCause100047','X733ProbableCause',100047,'Generator Failure (M.3100)' );
insert into alerts.conversions values ( 'X733ProbableCause100048','X733ProbableCause',100048,'Low Battery Threshold (M.3100)' );
insert into alerts.conversions values ( 'X733ProbableCause100049','X733ProbableCause',100049,'Pump Failure (M.3100)' );
insert into alerts.conversions values ( 'X733ProbableCause100050','X733ProbableCause',100050,'Rectifier Failure (M.3100)' );
insert into alerts.conversions values ( 'X733ProbableCause100051','X733ProbableCause',100051,'Rectifier High Voltage (M.3100)' );
insert into alerts.conversions values ( 'X733ProbableCause100052','X733ProbableCause',100052,'Rectifier Low Voltage (M.3100)' );
insert into alerts.conversions values ( 'X733ProbableCause100053','X733ProbableCause',100053,'Ventilation System Failure (M.3100)' );
insert into alerts.conversions values ( 'X733ProbableCause100054','X733ProbableCause',100054,'Enclosure Door Open (M.3100)' );
insert into alerts.conversions values ( 'X733ProbableCause100055','X733ProbableCause',100055,'Explosive Gas (M.3100)' );
insert into alerts.conversions values ( 'X733ProbableCause100056','X733ProbableCause',100056,'Fire (M.3100)' );
insert into alerts.conversions values ( 'X733ProbableCause100057','X733ProbableCause',100057,'Flood (M.3100)' );
insert into alerts.conversions values ( 'X733ProbableCause100058','X733ProbableCause',100058,'High Humidity (M.3100)' );
insert into alerts.conversions values ( 'X733ProbableCause100059','X733ProbableCause',100059,'High Temperature (M.3100)' );
insert into alerts.conversions values ( 'X733ProbableCause100060','X733ProbableCause',100060,'High Wind (M.3100)' );
insert into alerts.conversions values ( 'X733ProbableCause100061','X733ProbableCause',100061,'Ice Build Up (M.3100)' );
insert into alerts.conversions values ( 'X733ProbableCause100062','X733ProbableCause',100062,'Intrusion Detection (M.3100)' );
insert into alerts.conversions values ( 'X733ProbableCause100063','X733ProbableCause',100063,'Low Fuel (M.3100)' );
insert into alerts.conversions values ( 'X733ProbableCause100064','X733ProbableCause',100064,'Low Humidity (M.3100)' );
insert into alerts.conversions values ( 'X733ProbableCause100065','X733ProbableCause',100065,'Low Cable Pressure (M.3100)' );
insert into alerts.conversions values ( 'X733ProbableCause100066','X733ProbableCause',100066,'Low Temperature (M.3100)' );
insert into alerts.conversions values ( 'X733ProbableCause100067','X733ProbableCause',100067,'Low Water (M.3100)' );
insert into alerts.conversions values ( 'X733ProbableCause100068','X733ProbableCause',100068,'Smoke (M.3100)' );
insert into alerts.conversions values ( 'X733ProbableCause100069','X733ProbableCause',100069,'Toxic Gas (M.3100)' );
insert into alerts.conversions values ( 'X733ProbableCause100070','X733ProbableCause',100070,'Storage Capacity Problem (M.3100)' );
insert into alerts.conversions values ( 'X733ProbableCause100071','X733ProbableCause',100071,'Memory Mismatch (M.3100)' );
insert into alerts.conversions values ( 'X733ProbableCause100072','X733ProbableCause',100072,'Corrupt Data (M.3100)' );
insert into alerts.conversions values ( 'X733ProbableCause100073','X733ProbableCause',100073,'Out of CPU Cycles (M.3100)' );
insert into alerts.conversions values ( 'X733ProbableCause100074','X733ProbableCause',100074,'Software Environment Problem (M.3100)' );
insert into alerts.conversions values ( 'X733ProbableCause100075','X733ProbableCause',100075,'Software Download Failure (M.3100)' );
insert into alerts.conversions values ( 'X733ProbableCause100077','X733ProbableCause',100077,'Breach of Confidentiality (X.736)' );
insert into alerts.conversions values ( 'X733ProbableCause100078','X733ProbableCause',100078,'Cable Tamper (X.736)' );
insert into alerts.conversions values ( 'X733ProbableCause100079','X733ProbableCause',100079,'Delayed Information (X.736)' );
insert into alerts.conversions values ( 'X733ProbableCause100080','X733ProbableCause',100080,'Denial of Service (X.736)' );
insert into alerts.conversions values ( 'X733ProbableCause100081','X733ProbableCause',100081,'Duplicate Information (X.736)' );
insert into alerts.conversions values ( 'X733ProbableCause100082','X733ProbableCause',100082,'Information Missing (X.736)' );
insert into alerts.conversions values ( 'X733ProbableCause100083','X733ProbableCause',100083,'Information Modification Detected (X.736)' );
insert into alerts.conversions values ( 'X733ProbableCause100084','X733ProbableCause',100084,'Information Out of Sequence (X.736)' );
insert into alerts.conversions values ( 'X733ProbableCause100085','X733ProbableCause',100085,'Intrusion Detection (X.736)' );
insert into alerts.conversions values ( 'X733ProbableCause100086','X733ProbableCause',100086,'Key Expired (X.736)' );
insert into alerts.conversions values ( 'X733ProbableCause100087','X733ProbableCause',100087,'Non-Repudiation Failure (X.736)' );
insert into alerts.conversions values ( 'X733ProbableCause100088','X733ProbableCause',100088,'Out of Hours Activity (X.736)' );
insert into alerts.conversions values ( 'X733ProbableCause100089','X733ProbableCause',100089,'Out of Service (X.736)' );
insert into alerts.conversions values ( 'X733ProbableCause100090','X733ProbableCause',100090,'Procedural Error (X.736)' );
insert into alerts.conversions values ( 'X733ProbableCause100091','X733ProbableCause',100091,'Unauthorized Access Attempt (X.736)' );
insert into alerts.conversions values ( 'X733ProbableCause100092','X733ProbableCause',100092,'Unexpected Information (X.736)' );
insert into alerts.conversions values ( 'X733ProbableCause100093','X733ProbableCause',100093,'Unspecified Reason (X.736)' );
insert into alerts.conversions values ( 'X733ProbableCause100094','X733ProbableCause',100094,'Abis to BTS Interface Failure (GSM 12.11)' );
insert into alerts.conversions values ( 'X733ProbableCause100095','X733ProbableCause',100095,'Abis to TRX Interface Failure (GSM 12.11)' );
insert into alerts.conversions values ( 'X733ProbableCause100096','X733ProbableCause',100096,'Antenna Problem (GSM 12.11)' );
insert into alerts.conversions values ( 'X733ProbableCause100097','X733ProbableCause',100097,'Battery Breakdown (GSM 12.11)' );
insert into alerts.conversions values ( 'X733ProbableCause100098','X733ProbableCause',100098,'Battery Charging Fault (GSM 12.11)' );
insert into alerts.conversions values ( 'X733ProbableCause100099','X733ProbableCause',100099,'Clock Synchronisation Problem (GSM 12.11)' );
insert into alerts.conversions values ( 'X733ProbableCause1001','X733ProbableCause',1001,'Loss of Signal (X.733)' );
insert into alerts.conversions values ( 'X733ProbableCause100100','X733ProbableCause',100100,'Combiner Problem (GSM 12.11)' );
insert into alerts.conversions values ( 'X733ProbableCause100101','X733ProbableCause',100101,'Disk Problem (GSM 12.11)' );
insert into alerts.conversions values ( 'X733ProbableCause100102','X733ProbableCause',100102,'Equipment Failure (GSM 12.11)' );
insert into alerts.conversions values ( 'X733ProbableCause100103','X733ProbableCause',100103,'Excessive Receiver Temperature (GSM 12.11)' );
insert into alerts.conversions values ( 'X733ProbableCause100104','X733ProbableCause',100104,'Excessive Transmitter Output Power (GSM 12.11)' );
insert into alerts.conversions values ( 'X733ProbableCause100105','X733ProbableCause',100105,'Excessive Transmitter Temperature (GSM 12.11)' );
insert into alerts.conversions values ( 'X733ProbableCause100106','X733ProbableCause',100106,'Frequency Hopping Degraded (GSM 12.11)' );
insert into alerts.conversions values ( 'X733ProbableCause100107','X733ProbableCause',100107,'Frequency Hopping Failure (GSM 12.11)' );
insert into alerts.conversions values ( 'X733ProbableCause100108','X733ProbableCause',100108,'Frequency Redefinition Failed (GSM 12.11)' );
insert into alerts.conversions values ( 'X733ProbableCause100109','X733ProbableCause',100109,'Line Interface Failure (GSM 12.11)' );
insert into alerts.conversions values ( 'X733ProbableCause100110','X733ProbableCause',100110,'Link Failure (GSM 12.11)' );
insert into alerts.conversions values ( 'X733ProbableCause100111','X733ProbableCause',100111,'Loss of Synchronisation (GSM 12.11)' );
insert into alerts.conversions values ( 'X733ProbableCause100112','X733ProbableCause',100112,'Lost Redundancy (GSM 12.11)' );
insert into alerts.conversions values ( 'X733ProbableCause100113','X733ProbableCause',100113,'Mains Breakdown with Battery Backup (GSM 12.11)' );
insert into alerts.conversions values ( 'X733ProbableCause100114','X733ProbableCause',100114,'Mains Breakdown without Battery Backup (GSM 12.11)' );
insert into alerts.conversions values ( 'X733ProbableCause100115','X733ProbableCause',100115,'Power Supply Failure (GSM 12.11)' );
insert into alerts.conversions values ( 'X733ProbableCause100116','X733ProbableCause',100116,'Receiver Antenna Fault (GSM 12.11)' );
insert into alerts.conversions values ( 'X733ProbableCause100117','X733ProbableCause',100117,'Receiver Failure (GSM 12.11)' );
insert into alerts.conversions values ( 'X733ProbableCause100118','X733ProbableCause',100118,'Receiver Multicoupler Failure (GSM 12.11)' );
insert into alerts.conversions values ( 'X733ProbableCause100119','X733ProbableCause',100119,'Reduced Transmitter Output Power (GSM 12.11)' );
insert into alerts.conversions values ( 'X733ProbableCause100120','X733ProbableCause',100120,'Signal Quality Evaluation Fault (GSM 12.11)' );
insert into alerts.conversions values ( 'X733ProbableCause100121','X733ProbableCause',100121,'Timeslot Hardware Failure (GSM 12.11)' );
insert into alerts.conversions values ( 'X733ProbableCause100122','X733ProbableCause',100122,'Transceiver Problem (GSM 12.11)' );
insert into alerts.conversions values ( 'X733ProbableCause100123','X733ProbableCause',100123,'Transcoder Problem (GSM 12.11)' );
insert into alerts.conversions values ( 'X733ProbableCause100124','X733ProbableCause',100124,'Transcoder or Rate Adapter Problem (GSM 12.11)' );
insert into alerts.conversions values ( 'X733ProbableCause100125','X733ProbableCause',100125,'Transmitter Antenna Failure (GSM 12.11)' );
insert into alerts.conversions values ( 'X733ProbableCause100126','X733ProbableCause',100126,'Transmitter Antenna Not Adjusted (GSM 12.11)' );
insert into alerts.conversions values ( 'X733ProbableCause100127','X733ProbableCause',100127,'Transmitter Failure (GSM 12.11)' );
insert into alerts.conversions values ( 'X733ProbableCause100128','X733ProbableCause',100128,'Transmitter Low Voltage or Current (GSM 12.11)' );
insert into alerts.conversions values ( 'X733ProbableCause100129','X733ProbableCause',100129,'Transmitter Off Frequency (GSM 12.11)' );
insert into alerts.conversions values ( 'X733ProbableCause100130','X733ProbableCause',100130,'Database Inconsistency (GSM 12.11)' );
insert into alerts.conversions values ( 'X733ProbableCause100131','X733ProbableCause',100131,'File System Call Unsuccessful (GSM 12.11)' );
insert into alerts.conversions values ( 'X733ProbableCause100132','X733ProbableCause',100132,'Input Parameter Out of Range (GSM 12.11)' );
insert into alerts.conversions values ( 'X733ProbableCause100133','X733ProbableCause',100133,'Invalid Parameter (GSM 12.11)' );
insert into alerts.conversions values ( 'X733ProbableCause100134','X733ProbableCause',100134,'Invalid Pointer (GSM 12.11)' );
insert into alerts.conversions values ( 'X733ProbableCause100135','X733ProbableCause',100135,'Message Not Expected (GSM 12.11)' );
insert into alerts.conversions values ( 'X733ProbableCause100136','X733ProbableCause',100136,'Message Not Initialised (GSM 12.11)' );
insert into alerts.conversions values ( 'X733ProbableCause100137','X733ProbableCause',100137,'Message Out of Sequence (GSM 12.11)' );
insert into alerts.conversions values ( 'X733ProbableCause100138','X733ProbableCause',100138,'System Call Unsuccessful (GSM 12.11)' );
insert into alerts.conversions values ( 'X733ProbableCause100139','X733ProbableCause',100139,'Timeout Expired (GSM 12.11)' );
insert into alerts.conversions values ( 'X733ProbableCause100140','X733ProbableCause',100140,'Variable Out of Range (GSM 12.11)' );
insert into alerts.conversions values ( 'X733ProbableCause100141','X733ProbableCause',100141,'Watchdog Timer Expired (GSM 12.11)' );
insert into alerts.conversions values ( 'X733ProbableCause100142','X733ProbableCause',100142,'Cooling System Failure (GSM 12.11)' );
insert into alerts.conversions values ( 'X733ProbableCause100143','X733ProbableCause',100143,'External Equipment Failure (GSM 12.11)' );
insert into alerts.conversions values ( 'X733ProbableCause100144','X733ProbableCause',100144,'External Power Supply Failure (GSM 12.11)' );
insert into alerts.conversions values ( 'X733ProbableCause100145','X733ProbableCause',100145,'External Transmission Device Failure (GSM 12.11)' );
insert into alerts.conversions values ( 'X733ProbableCause100146','X733ProbableCause',100146,'Fan Failure (GSM 12.11)' );
insert into alerts.conversions values ( 'X733ProbableCause100147','X733ProbableCause',100147,'High Humidity (GSM 12.11)' );
insert into alerts.conversions values ( 'X733ProbableCause100148','X733ProbableCause',100148,'High Temperature (GSM 12.11)' );
insert into alerts.conversions values ( 'X733ProbableCause100149','X733ProbableCause',100149,'Intrusion Detected (GSM 12.11)' );
insert into alerts.conversions values ( 'X733ProbableCause100150','X733ProbableCause',100150,'Low Humidity (GSM 12.11)' );
insert into alerts.conversions values ( 'X733ProbableCause100151','X733ProbableCause',100151,'Low Temperature (GSM 12.11)' );
insert into alerts.conversions values ( 'X733ProbableCause100152','X733ProbableCause',100152,'Smoke Detected (GSM 12.11)' );
insert into alerts.conversions values ( 'X733ProbableCause100153','X733ProbableCause',100153,'Excessive Error Rate (GSM 12.11)' );
insert into alerts.conversions values ( 'X733ProbableCause100154','X733ProbableCause',100154,'Reduced Alarm Reporting (GSM 12.11)' );
insert into alerts.conversions values ( 'X733ProbableCause100155','X733ProbableCause',100155,'Reduced Event Reporting (GSM 12.11)' );
insert into alerts.conversions values ( 'X733ProbableCause100156','X733ProbableCause',100156,'Reduced Logging Capability (GSM 12.11)' );
insert into alerts.conversions values ( 'X733ProbableCause100157','X733ProbableCause',100157,'System Resources Overload (GSM 12.11)' );
insert into alerts.conversions values ( 'X733ProbableCause100158','X733ProbableCause',100158,'Broadcast Channel Failure (GSM 12.11)' );
insert into alerts.conversions values ( 'X733ProbableCause100159','X733ProbableCause',100159,'Connection Establishment Error (GSM 12.11)' );
insert into alerts.conversions values ( 'X733ProbableCause100160','X733ProbableCause',100160,'Invalid Message Received (GSM 12.11)' );
insert into alerts.conversions values ( 'X733ProbableCause100161','X733ProbableCause',100161,'Invalid MSU Received (GSM 12.11)' );
insert into alerts.conversions values ( 'X733ProbableCause100162','X733ProbableCause',100162,'LAPD Link Protocol Failure (GSM 12.11)' );
insert into alerts.conversions values ( 'X733ProbableCause100163','X733ProbableCause',100163,'Local Alarm Indication (GSM 12.11)' );
insert into alerts.conversions values ( 'X733ProbableCause100164','X733ProbableCause',100164,'Remote Alarm Indication (GSM 12.11)' );
insert into alerts.conversions values ( 'X733ProbableCause100165','X733ProbableCause',100165,'Routing Failure (GSM 12.11)' );
insert into alerts.conversions values ( 'X733ProbableCause100166','X733ProbableCause',100166,'SS7 Protocol Failure (GSM 12.11)' );
insert into alerts.conversions values ( 'X733ProbableCause100167','X733ProbableCause',100167,'Transmission Error (GSM 12.11)' );
insert into alerts.conversions values ( 'X733ProbableCause100168','X733ProbableCause',100168,'I/O Device Error (X.733)' );
insert into alerts.conversions values ( 'X733ProbableCause100169','X733ProbableCause',100169,'Software Program Error (X.733)' );
insert into alerts.conversions values ( 'X733ProbableCause100170','X733ProbableCause',100170,'Authentication Failure (X.736)' );
insert into alerts.conversions values ( 'X733ProbableCause1002','X733ProbableCause',1002,'Loss of Frame (X.733)' );
insert into alerts.conversions values ( 'X733ProbableCause1003','X733ProbableCause',1003,'Framing Error (X.733)' );
insert into alerts.conversions values ( 'X733ProbableCause1004','X733ProbableCause',1004,'Local Node Transmission Error (X.733)' );
insert into alerts.conversions values ( 'X733ProbableCause1005','X733ProbableCause',1005,'Remote Node Transmission Error (X.733)' );
insert into alerts.conversions values ( 'X733ProbableCause1006','X733ProbableCause',1006,'Call Establishment Error (X.733)' );
insert into alerts.conversions values ( 'X733ProbableCause1007','X733ProbableCause',1007,'Degraded Signal (X.733)' );
insert into alerts.conversions values ( 'X733ProbableCause1008','X733ProbableCause',1008,'Communication Protocol Error (X.733)' );
insert into alerts.conversions values ( 'X733ProbableCause1009','X733ProbableCause',1009,'Communication Subsystem Failure (X.733)' );
insert into alerts.conversions values ( 'X733ProbableCause1010','X733ProbableCause',1010,'LAN Error (X.733)' );
insert into alerts.conversions values ( 'X733ProbableCause1011','X733ProbableCause',1011,'Interface Error (X.733)' );
insert into alerts.conversions values ( 'X733ProbableCause1012','X733ProbableCause',1012,'DTE-DCE Interface Error (X.733)' );
insert into alerts.conversions values ( 'X733ProbableCause1013','X733ProbableCause',1013,'Receive Failure (X.733)' );
insert into alerts.conversions values ( 'X733ProbableCause1014','X733ProbableCause',1014,'Transmit Failure (X.733)' );
insert into alerts.conversions values ( 'X733ProbableCause2001','X733ProbableCause',2001,'Response Time Excessive (X.733)' );
insert into alerts.conversions values ( 'X733ProbableCause2002','X733ProbableCause',2002,'Queue Size Exceeded (X.733)' );
insert into alerts.conversions values ( 'X733ProbableCause2003','X733ProbableCause',2003,'Bandwidth Reduced (X.733)' );
insert into alerts.conversions values ( 'X733ProbableCause2004','X733ProbableCause',2004,'Retransmission Rate Excessive (X.733)' );
insert into alerts.conversions values ( 'X733ProbableCause2005','X733ProbableCause',2005,'Threshold Crossed (X.733)' );
insert into alerts.conversions values ( 'X733ProbableCause2006','X733ProbableCause',2006,'Performance Degraded (X.733)' );
insert into alerts.conversions values ( 'X733ProbableCause2007','X733ProbableCause',2007,'Congestion (X.733)' );
insert into alerts.conversions values ( 'X733ProbableCause2008','X733ProbableCause',2008,'Resource At/Nearing Capacity (X.733)' );
insert into alerts.conversions values ( 'X733ProbableCause3001','X733ProbableCause',3001,'Storage Capacity Problem (X.733)' );
insert into alerts.conversions values ( 'X733ProbableCause3002','X733ProbableCause',3002,'Version Mismatch (X.733)' );
insert into alerts.conversions values ( 'X733ProbableCause3003','X733ProbableCause',3003,'Corrupt Data (X.733)' );
insert into alerts.conversions values ( 'X733ProbableCause3004','X733ProbableCause',3004,'CPU Cycles Limit Exceeded (X.733)' );
insert into alerts.conversions values ( 'X733ProbableCause3005','X733ProbableCause',3005,'Software Error (X.733)' );
insert into alerts.conversions values ( 'X733ProbableCause3006','X733ProbableCause',3006,'Software Program Abnormally Terminated (X.733)' );
insert into alerts.conversions values ( 'X733ProbableCause3007','X733ProbableCause',3007,'File Error (X.733)' );
insert into alerts.conversions values ( 'X733ProbableCause3008','X733ProbableCause',3008,'Out of Memory (X.733)' );
insert into alerts.conversions values ( 'X733ProbableCause3009','X733ProbableCause',3009,'Underlying Resource Unavailable (X.733)' );
insert into alerts.conversions values ( 'X733ProbableCause3010','X733ProbableCause',3010,'Application Subsystem Failure (X.733)' );
insert into alerts.conversions values ( 'X733ProbableCause3011','X733ProbableCause',3011,'Configuration or Customization Error (X.733)' );
insert into alerts.conversions values ( 'X733ProbableCause4001','X733ProbableCause',4001,'Power Problem (X.733)' );
insert into alerts.conversions values ( 'X733ProbableCause4002','X733ProbableCause',4002,'Timing Problem (X.733)' );
insert into alerts.conversions values ( 'X733ProbableCause4003','X733ProbableCause',4003,'Processor Problem (X.733)' );
insert into alerts.conversions values ( 'X733ProbableCause4004','X733ProbableCause',4004,'Dataset or Modem Error (X.733)' );
insert into alerts.conversions values ( 'X733ProbableCause4005','X733ProbableCause',4005,'Multiplexer Problem (X.733)' );
insert into alerts.conversions values ( 'X733ProbableCause4006','X733ProbableCause',4006,'Receiver Failure (X.733)' );
insert into alerts.conversions values ( 'X733ProbableCause4007','X733ProbableCause',4007,'Transmitter Failure (X.733)' );
insert into alerts.conversions values ( 'X733ProbableCause4008','X733ProbableCause',4008,'Output Device Error (X.733)' );
insert into alerts.conversions values ( 'X733ProbableCause4009','X733ProbableCause',4009,'Input Device Error (X.733)' );
insert into alerts.conversions values ( 'X733ProbableCause4010','X733ProbableCause',4010,'Equipment Malfunction (X.733)' );
insert into alerts.conversions values ( 'X733ProbableCause4011','X733ProbableCause',4011,'Adapter Error (X.733)' );
insert into alerts.conversions values ( 'X733ProbableCause5001','X733ProbableCause',5001,'Temperature Unacceptable (X.733)' );
insert into alerts.conversions values ( 'X733ProbableCause5002','X733ProbableCause',5002,'Humidity Unacceptable (X.733)' );
insert into alerts.conversions values ( 'X733ProbableCause5003','X733ProbableCause',5003,'Heating/Ventilation/Cooling System Problem (X.733)' );
insert into alerts.conversions values ( 'X733ProbableCause5004','X733ProbableCause',5004,'Fire Detected (X.733)' );
insert into alerts.conversions values ( 'X733ProbableCause5005','X733ProbableCause',5005,'Flood Detected (X.733)' );
insert into alerts.conversions values ( 'X733ProbableCause5006','X733ProbableCause',5006,'Toxic Leak Detected (X.733)' );
insert into alerts.conversions values ( 'X733ProbableCause5007','X733ProbableCause',5007,'Leak Detected (X.733)' );
insert into alerts.conversions values ( 'X733ProbableCause5008','X733ProbableCause',5008,'Pressure Unacceptable (X.733)' );
insert into alerts.conversions values ( 'X733ProbableCause5009','X733ProbableCause',5009,'Excessive Vibration (X.733)' );
insert into alerts.conversions values ( 'X733ProbableCause5010','X733ProbableCause',5010,'Material Supply Exhausted (X.733)' );
insert into alerts.conversions values ( 'X733ProbableCause5011','X733ProbableCause',5011,'Pump Failure (X.733)' );
insert into alerts.conversions values ( 'X733ProbableCause5012','X733ProbableCause',5012,'Enclosure Door Open (X.733)' );
go

insert into alerts.objclass values ( 0,'Default Class','Cloud.xpm','DefaultMenu' );
insert into alerts.objclass values ( 100,'Ping Probe','Default.xpm','PingMenu' );
insert into alerts.objclass values ( 1000,'StrataView-NNM','Default.xpm','SV-NNMMenu' );
insert into alerts.objclass values ( 10000,'Siemens EWSD BCT','Default.xpm','' );
insert into alerts.objclass values ( 1050,'Radware','Default.xpm','' );
insert into alerts.objclass values ( 10500,'Impact','Default.xpm','' );
insert into alerts.objclass values ( 10520,'Alcatel 1000 E10/OCB-283','Default.xpm','' );
insert into alerts.objclass values ( 10550,'Siemens EWSD','Default.xpm','' );
insert into alerts.objclass values ( 10600,'Siemens EWSD Server','Default.xpm','' );
insert into alerts.objclass values ( 10650,'Switchcommander','Default.xpm','' );
insert into alerts.objclass values ( 10700,'Comverse VMS','Default.xpm','' );
insert into alerts.objclass values ( 1100,'StrataView','Default.xpm','StrataViewMenu' );
insert into alerts.objclass values ( 11000,'Visionary','Default.xpm','' );
insert into alerts.objclass values ( 1150,'Socket probe','Default.xpm','' );
insert into alerts.objclass values ( 1175,'FDF probe','Default.xpm','' );
insert into alerts.objclass values ( 1200,'Ericsson ACP 1000','Default.xpm','ACP1000Menu' );
insert into alerts.objclass values ( 12000,'SLAM','Default.xpm','' );
insert into alerts.objclass values ( 1250,'Ericsson_BNSI','Default.xpm','' );
insert into alerts.objclass values ( 12500,'CCM_Perf_Metric','Default.xpm','' );
insert into alerts.objclass values ( 12510,'CCMCallDetailRecord','Default.xpm','' );
insert into alerts.objclass values ( 12520,'CCMDevice','Default.xpm','' );
insert into alerts.objclass values ( 12521,'CCM_Dev_IPPhone','Default.xpm','' );
insert into alerts.objclass values ( 12522,'CCM_Dev_AnalogPhone','Default.xpm','' );
insert into alerts.objclass values ( 12523,'CCM_Dev_DigitalPhone','Default.xpm','' );
insert into alerts.objclass values ( 12524,'CCM_Dev_Gateway','Default.xpm','' );
insert into alerts.objclass values ( 12525,'CCM_Dev_Service','Default.xpm','' );
insert into alerts.objclass values ( 12526,'CCM_Dev_GateKeeper','Default.xpm','' );
insert into alerts.objclass values ( 12527,'CCM_Dev_SoftPhone','Default.xpm','' );
insert into alerts.objclass values ( 12528,'VSM','Default.xpm','' );
insert into alerts.objclass values ( 12540,'CALLMANAGER_Syslog','Default.xpm','' );
insert into alerts.objclass values ( 12541,'CBB_Syslog','Default.xpm','' );
insert into alerts.objclass values ( 12542,'CDR_INSERT_Syslog','Default.xpm','' );
insert into alerts.objclass values ( 12543,'CTI_Syslog','Default.xpm','' );
insert into alerts.objclass values ( 12544,'DB_LAYER_Syslog','Default.xpm','' );
insert into alerts.objclass values ( 12545,'JAVA_APPS_Syslog','Default.xpm','' );
insert into alerts.objclass values ( 12546,'MEDIA_STREAMING_APP_Syslog','Default.xpm','' );
insert into alerts.objclass values ( 12547,'RIS_Syslog','Default.xpm','' );
insert into alerts.objclass values ( 12548,'SUMI_Syslog','Default.xpm','' );
insert into alerts.objclass values ( 12549,'TCD_Syslog','Default.xpm','' );
insert into alerts.objclass values ( 12550,'TFTP_Syslog','Default.xpm','' );
insert into alerts.objclass values ( 12700,'SSM','Default.xpm','' );
insert into alerts.objclass values ( 12701,'SSM-MS SQL','Default.xpm','' );
insert into alerts.objclass values ( 12702,'SSM-MS Exchange','Default.xpm','' );
insert into alerts.objclass values ( 12703,'SSM-MS IIS','Default.xpm','' );
insert into alerts.objclass values ( 12704,'SSM-Oracle','Default.xpm','' );
insert into alerts.objclass values ( 12705,'SSM-Apache','Default.xpm','' );
insert into alerts.objclass values ( 12707,'SSM-NT Services','Default.xpm','' );
insert into alerts.objclass values ( 12709,'SSM-Active Directory','Default.xpm','' );
insert into alerts.objclass values ( 12710,'SSM-WebSphere','Default.xpm','' );
insert into alerts.objclass values ( 12712,'SSM-WebLogic','Default.xpm','' );
insert into alerts.objclass values ( 12715,'SSM-SAP','Default.xpm','' );
insert into alerts.objclass values ( 1300,'Lucent Agile ATM','Default.xpm','AgileATMMenu' );
insert into alerts.objclass values ( 1305,'Lucent_naviscore_tmf814','Default.xpm','' );
insert into alerts.objclass values ( 13100,'generic_3gpp_v320','Default.xpm','' );
insert into alerts.objclass values ( 13150,'generic_3gpp_v360','Default.xpm','' );
insert into alerts.objclass values ( 13200,'generic_3gpp_v430','Default.xpm','' );
insert into alerts.objclass values ( 1350,'Lucent JMTE','Default.xpm','' );
insert into alerts.objclass values ( 1355,'Lucent_wa','Default.xpm','' );
insert into alerts.objclass values ( 1360,'Telcordia_wa','Default.xpm','' );
insert into alerts.objclass values ( 1380,'Flash Networks','Default.xpm','' );
insert into alerts.objclass values ( 1400,'Nortel DMS','Default.xpm','NortelDMSMenu' );
insert into alerts.objclass values ( 1405,'Nortel_oam5','Default.xpm','' );
insert into alerts.objclass values ( 1410,'Nortel CEMS','Default.xpm','' );
insert into alerts.objclass values ( 1415,'Nortel BSSM','Default.xpm','' );
insert into alerts.objclass values ( 1450,'Kentrox, Inc.','Default.xpm','' );
insert into alerts.objclass values ( 150,'Compaq Tandem','Default.xpm','' );
insert into alerts.objclass values ( 1500,'Marconi EM-OS','Default.xpm','EMOSMenu' );
insert into alerts.objclass values ( 1505,'Alvarion','Default.xpm','' );
insert into alerts.objclass values ( 1510,'Openet Telecom','Default.xpm','' );
insert into alerts.objclass values ( 1550,'Marconi Mass','Default.xpm','' );
insert into alerts.objclass values ( 1600,'Heartbeat Probe','Default.xpm','HeartbeatMenu' );
insert into alerts.objclass values ( 1650,'SiteScope probe','Default.xpm','' );
insert into alerts.objclass values ( 1700,'HTTPD Common Log Format','Default.xpm','HTTPCommonMenu' );
insert into alerts.objclass values ( 1750,'Tellabs 8100','Default.xpm','' );
insert into alerts.objclass values ( 1755,'Tellabs 8600','Default.xpm','' );
insert into alerts.objclass values ( 1757,'Tellabs MetroWatch','Default.xpm','' );
insert into alerts.objclass values ( 1800,'HTTPD Server Error Log','Default.xpm','HTTPServerErrorMenu' );
insert into alerts.objclass values ( 1850,'IOC Probe','Default.xpm','' );
insert into alerts.objclass values ( 1900,'N.E.T. IDNX','Default.xpm','NETIDNXMenu' );
insert into alerts.objclass values ( 1950,'Nokia SBT','Default.xpm','' );
insert into alerts.objclass values ( 200,'Syslog Probe','Default.xpm','SyslogMenu' );
insert into alerts.objclass values ( 2000,'Informix','Default.xpm','InformixMenu' );
insert into alerts.objclass values ( 2050,'Motorola OMC-R','Default.xpm','' );
insert into alerts.objclass values ( 2055,'Motorola-OMCR-3gpp','Default.xpm','' );
insert into alerts.objclass values ( 2057,'Motorola 3gpp omcr gsr9','Default.xpm','' );
insert into alerts.objclass values ( 2060,'Motorola SSRN','Default.xpm','' );
insert into alerts.objclass values ( 2065,'Motorola_OMCR_3gpp_V560','Default.xpm','' );
insert into alerts.objclass values ( 2070,'Motorola_OMCR1620_v65','Default.xpm','' );
insert into alerts.objclass values ( 2075,'Motorola_muno','Default.xpm','' );
insert into alerts.objclass values ( 2080,'Dell Server','Default.xpm','' );
insert into alerts.objclass values ( 2085,'Dell EqualLogic','Default.xpm','' );
insert into alerts.objclass values ( 2100,'HP IT/Operations Center','Default.xpm','HPITOMenu' );
insert into alerts.objclass values ( 2105,'NetQoS','Default.xpm','' );
insert into alerts.objclass values ( 2107,'Packet Design','Default.xpm','' );
insert into alerts.objclass values ( 2109,'HP Procurve SNMP','Default.xpm','' );
insert into alerts.objclass values ( 2110,'HP Procurve Syslog','Default.xpm','' );
insert into alerts.objclass values ( 2115,'HP Operations Manager','Default.xpm','' );
insert into alerts.objclass values ( 2150,'Dantel Pointmaster','Default.xpm','' );
insert into alerts.objclass values ( 2200,'KBU Fivemere','Default.xpm','KBUFivemereMenu' );
insert into alerts.objclass values ( 2250,'Arcom','Default.xpm','' );
insert into alerts.objclass values ( 2300,'Fibermux LightWatch','Default.xpm','LightWatchMenu' );
insert into alerts.objclass values ( 2400,'Ericsson MD110','Default.xpm','MD110Menu' );
insert into alerts.objclass values ( 2450,'Ericsson OMCR','Default.xpm','' );
insert into alerts.objclass values ( 2455,'Ericsson_oss_rc','Default.xpm','' );
insert into alerts.objclass values ( 2460,'Eaton','Default.xpm','' );
insert into alerts.objclass values ( 2470,'eci_lightsoft_tmf814','Default.xpm','' );
insert into alerts.objclass values ( 2475,'Kodiak EMS','Default.xpm','' );
insert into alerts.objclass values ( 250,'ADC Metrica NPR','Default.xpm','' );
insert into alerts.objclass values ( 2550,'MOM probe','Default.xpm','' );
insert into alerts.objclass values ( 2555,'SCOM2007','Default.xpm','' );
insert into alerts.objclass values ( 2600,'N.E.T. Open/5000','Default.xpm','NETOpen5000Menu' );
insert into alerts.objclass values ( 2700,'Netlabs DiMONS 2G','Default.xpm','NetlabsMenu' );
insert into alerts.objclass values ( 2750,'generic_3gpp_V551','Default.xpm','' );
insert into alerts.objclass values ( 2800,'DEC VAX Operator Communication Facility','Default.xpm','OpComMenu' );
insert into alerts.objclass values ( 2900,'Oracle Probe','Default.xpm','OracleMenu' );
insert into alerts.objclass values ( 2945,'Siemens_corba_v2','Default.xpm','' );
insert into alerts.objclass values ( 2950,'siemens_rc_corba','Default.xpm','' );
insert into alerts.objclass values ( 2955,'siemens_ac_corba','Default.xpm','' );
insert into alerts.objclass values ( 2960,'Nec_director_corba','Default.xpm','' );
insert into alerts.objclass values ( 300,'MTTrapd','Default.xpm','TrapdMenu' );
insert into alerts.objclass values ( 3000,'DEC VAX VCS (Polycenter) Watchdog','Default.xpm','PolycentreWatchdogMenu' );
insert into alerts.objclass values ( 30500,'E-mail Probe','Default.xpm','' );
insert into alerts.objclass values ( 30505,'XML Probe','Default.xpm','' );
insert into alerts.objclass values ( 3100,'RoboMon Element Manager','Default.xpm','RoboMonEMMenu' );
insert into alerts.objclass values ( 3200,'SUN Solstice Enterprise Manager','Default.xpm','SEMMenu' );
insert into alerts.objclass values ( 32000,'NeuSecure','Default.xpm','' );
insert into alerts.objclass values ( 3300,'SimNet Probe','Default.xpm','SimNetMenu' );
insert into alerts.objclass values ( 3350,'Itron OpenWay Collection Engine Probe','Default.xpm','' );
insert into alerts.objclass values ( 3351,'Itron OpenWay Control Probe','Default.xpm','' );
insert into alerts.objclass values ( 3360,'VMWare','Default.xpm','' );
insert into alerts.objclass values ( 3400,'SUN SunNet Manager 2.3','Default.xpm','SNMMenu' );
insert into alerts.objclass values ( 350,'Nokia NetAct for Braodband','Default.xpm','' );
insert into alerts.objclass values ( 3500,'Sybase Probe','Default.xpm','SybaseMenu' );
insert into alerts.objclass values ( 3600,'ECI/Telematics','Default.xpm','TelematicsMenu' );
insert into alerts.objclass values ( 3700,'Ascom TimePlex TimeView/2000','Default.xpm','TimeView2000Menu' );
insert into alerts.objclass values ( 3701,'TimeView2','Default.xpm','' );
insert into alerts.objclass values ( 3800,'Nortel TN-MS Element Controller for TN-1X','Default.xpm','TN-MSMenu' );
insert into alerts.objclass values ( 3850,'MDM probe','Default.xpm','' );
insert into alerts.objclass values ( 3900,'Ascom CLOG','Default.xpm','AscomClogMenu' );
insert into alerts.objclass values ( 400,'HP OpenView NNM','Default.xpm','HPOVNNMMenu' );
insert into alerts.objclass values ( 4000,'DAWCOM','Default.xpm','DawcomMenu' );
insert into alerts.objclass values ( 40000,'InfoVista','Default.xpm','InfoVistaMenu' );
insert into alerts.objclass values ( 40001,'ADIR Technologies','Default.xpm','ADIRMenu' );
insert into alerts.objclass values ( 40002,'Turin Networks TL1','Default.xpm','' );
insert into alerts.objclass values ( 40003,'Maple Optical','Default.xpm','' );
insert into alerts.objclass values ( 40004,'Mahi Networks','Default.xpm','' );
insert into alerts.objclass values ( 40005,'Intrusion Inc.','Default.xpm','' );
insert into alerts.objclass values ( 40006,'Orchestream Service Activator','Default.xpm','' );
insert into alerts.objclass values ( 40007,'Adlex Inc.','Default.xpm','' );
insert into alerts.objclass values ( 40008,'Zvolve','Default.xpm','' );
insert into alerts.objclass values ( 40009,'mFormation','Default.xpm','' );
insert into alerts.objclass values ( 40010,'TeleGea','Default.xpm','' );
insert into alerts.objclass values ( 40011,'Johnson Controls','Default.xpm','' );
insert into alerts.objclass values ( 40012,'Meriton Networks','Default.xpm','' );
insert into alerts.objclass values ( 40013,'Aastra CVX','Default.xpm','' );
insert into alerts.objclass values ( 40014,'Celion Networks','Default.xpm','' );
insert into alerts.objclass values ( 40015,'Altion LTD','Default.xpm','Altion-LTDMenu' );
insert into alerts.objclass values ( 40016,'ChanneLogics Inc.','Default.xpm','' );
insert into alerts.objclass values ( 40017,'Clear Communications Corp.','Default.xpm','' );
insert into alerts.objclass values ( 40018,'Appian Communications, Inc.','Default.xpm','' );
insert into alerts.objclass values ( 40019,'Ambeo','Default.xpm','AmbeoMenu' );
insert into alerts.objclass values ( 40020,'Amber Networks','Default.xpm','AmberMenu' );
insert into alerts.objclass values ( 40021,'AutoNoc Innovations','Default.xpm','' );
insert into alerts.objclass values ( 40022,'Support.com','Default.xpm','' );
insert into alerts.objclass values ( 40023,'Broadband Access Systems','Default.xpm','Broadband-Access-SystemsMenu' );
insert into alerts.objclass values ( 40024,'Applied Innovations','Default.xpm','Applied-InnovationMenu' );
insert into alerts.objclass values ( 40025,'Megisto Systems','Default.xpm','' );
insert into alerts.objclass values ( 40026,'Aprisma','Default.xpm','AprismaMenu' );
insert into alerts.objclass values ( 40027,'Arbor Networks','Default.xpm','' );
insert into alerts.objclass values ( 40028,'Architel','Default.xpm','ArchitelMenu' );
insert into alerts.objclass values ( 40029,'Atoga Systems','Default.xpm','AtogaMenu' );
insert into alerts.objclass values ( 40030,'Atrica (SNMP Trap)','Default.xpm','' );
insert into alerts.objclass values ( 40031,'Asta Networks','Default.xpm','' );
insert into alerts.objclass values ( 40032,'Asita Technologies','Default.xpm','AsitaMenu' );
insert into alerts.objclass values ( 40033,'Avici Systems','Default.xpm','' );
insert into alerts.objclass values ( 40034,'Clear Communications Corp.','Default.xpm','' );
insert into alerts.objclass values ( 40035,'Caly Networks','Default.xpm','' );
insert into alerts.objclass values ( 40036,'Caspian Networks','Default.xpm','CaspianMenu' );
insert into alerts.objclass values ( 40037,'OpenService NerveCenter','Default.xpm','' );
insert into alerts.objclass values ( 40038,'OpenService','Default.xpm','' );
insert into alerts.objclass values ( 40039,'Jacobs Rimell, Ltd.','Default.xpm','' );
insert into alerts.objclass values ( 40040,'Cheetah Technologies','Default.xpm','ActernaMenu' );
insert into alerts.objclass values ( 40041,'Entercept Security Technologies (SNMP Trap)','Default.xpm','' );
insert into alerts.objclass values ( 40042,'Network Harmoni','Default.xpm','' );
insert into alerts.objclass values ( 40043,'Metro-Optix (CityStream)','Default.xpm','' );
insert into alerts.objclass values ( 40044,'The Valence Company','Default.xpm','' );
insert into alerts.objclass values ( 40045,'Netro Corporation','Default.xpm','' );
insert into alerts.objclass values ( 40046,'SolSoft','Default.xpm','' );
insert into alerts.objclass values ( 40047,'Colubris Networks','Default.xpm','' );
insert into alerts.objclass values ( 40048,'Network Physics','Default.xpm','' );
insert into alerts.objclass values ( 40049,'CPLANE, Inc.','Default.xpm','' );
insert into alerts.objclass values ( 40050,'Panduit PanView','Default.xpm','' );
insert into alerts.objclass values ( 40051,'Invoq Systems','Default.xpm','' );
insert into alerts.objclass values ( 40052,'Tropic Networks Inc.','Default.xpm','' );
insert into alerts.objclass values ( 40053,'BEA','Default.xpm','' );
insert into alerts.objclass values ( 40054,'BladeLogic','Default.xpm','' );
insert into alerts.objclass values ( 40055,'Ciena','Default.xpm','' );
insert into alerts.objclass values ( 40056,'Cinta-Corp','Default.xpm','' );
insert into alerts.objclass values ( 40057,'Cisco','Default.xpm','CiscoMenu' );
insert into alerts.objclass values ( 40058,'CoManage','Default.xpm','CoManageMenu' );
insert into alerts.objclass values ( 40059,'Brocade Communications','Default.xpm','' );
insert into alerts.objclass values ( 40060,'Connex','Default.xpm','SANavigatorMenu' );
insert into alerts.objclass values ( 40061,'Tripwire (SNMP Trap)','Default.xpm','' );
insert into alerts.objclass values ( 40062,'Nokia Security','Default.xpm','' );
insert into alerts.objclass values ( 40063,'Quantiva','Default.xpm','' );
insert into alerts.objclass values ( 40064,'Concord Commmunications','Default.xpm','ConcordMenu' );
insert into alerts.objclass values ( 40065,'Copper Mountain','Default.xpm','' );
insert into alerts.objclass values ( 40066,'Sana Security','Default.xpm','' );
insert into alerts.objclass values ( 40067,'Cosine Communications','Default.xpm','CosineMenu' );
insert into alerts.objclass values ( 40069,'Cramer Systems','Default.xpm','' );
insert into alerts.objclass values ( 40070,'Crosskeys','Default.xpm','CrosskeysMenu' );
insert into alerts.objclass values ( 40071,'Data Power Technology','Default.xpm','DPTMenu' );
insert into alerts.objclass values ( 40073,'Crescent Networks','Default.xpm','CrescentMenu' );
insert into alerts.objclass values ( 40075,'Desktalk (Trinagy)','Default.xpm','TrinagyMenu' );
insert into alerts.objclass values ( 40077,'Dirig Software','Default.xpm','' );
insert into alerts.objclass values ( 40078,'Eccord Systems','Default.xpm','EccordMenu' );
insert into alerts.objclass values ( 40079,'ENA','Default.xpm','ENAMenu' );
insert into alerts.objclass values ( 40080,'Edge Technologies','Default.xpm','EdgeMenu' );
insert into alerts.objclass values ( 40081,'Ennovate Networks','Default.xpm','EnnovateMenu' );
insert into alerts.objclass values ( 40082,'Enlighten Software','Default.xpm','EnlightenMenu' );
insert into alerts.objclass values ( 40083,'Entuity','Default.xpm','EntuityMenu' );
insert into alerts.objclass values ( 40084,'Emperative','Default.xpm','EmperativeMenu' );
insert into alerts.objclass values ( 40085,'Ericsson','Default.xpm','EricssonMenu' );
insert into alerts.objclass values ( 40086,'IETF (Internet Engineering Task Force)','Default.xpm','' );
insert into alerts.objclass values ( 40087,'IANA (Internet Assigned Numbers Authority)','Default.xpm','' );
insert into alerts.objclass values ( 40088,'ATM Forum','Default.xpm','' );
insert into alerts.objclass values ( 40089,'DMTF (Desktop Management Task Force)','Default.xpm','' );
insert into alerts.objclass values ( 40090,'IEEE (Institute of Electrical and Electronics Engineers)','Default.xpm','' );
insert into alerts.objclass values ( 40091,'ITU (International Telecommunications Union)','Default.xpm','' );
insert into alerts.objclass values ( 40092,'Critical Watch VMS','Default.xpm','' );
insert into alerts.objclass values ( 40093,'RLE Technologies','Default.xpm','' );
insert into alerts.objclass values ( 40094,'Nokia','Default.xpm','' );
insert into alerts.objclass values ( 40096,'Cyberguard','Default.xpm','' );
insert into alerts.objclass values ( 40097,'Critical Watch Assessment','Default.xpm','' );
insert into alerts.objclass values ( 40098,'Critical Watch Rapid Alert','Default.xpm','' );
insert into alerts.objclass values ( 401,'HP NNMv8','Default.xpm','' );
insert into alerts.objclass values ( 40100,'Fujitsu Telecommunications Europe','Default.xpm','FujitsuMenu' );
insert into alerts.objclass values ( 40105,'Fujitsu (Netsmart)','Default.xpm','' );
insert into alerts.objclass values ( 40110,'F5 Networks BIG-IP','Default.xpm','' );
insert into alerts.objclass values ( 40118,'Motorola General Instruments','Default.xpm','MobileSysMenu' );
insert into alerts.objclass values ( 40121,'MTS','Default.xpm','MTSMenu' );
insert into alerts.objclass values ( 40124,'GoldWire Technology','Default.xpm','Gold-WireMenu' );
insert into alerts.objclass values ( 40125,'Harmonic','Default.xpm','' );
insert into alerts.objclass values ( 40130,'Halcyon','Default.xpm','' );
insert into alerts.objclass values ( 40135,'Hitach JP-1','Default.xpm','' );
insert into alerts.objclass values ( 40140,'Heroix Corporation','Default.xpm','HeroixMenu' );
insert into alerts.objclass values ( 40141,'Sandvine','Default.xpm','' );
insert into alerts.objclass values ( 40142,'Agilent','Default.xpm','' );
insert into alerts.objclass values ( 40143,'Miltel Communications','Default.xpm','' );
insert into alerts.objclass values ( 40144,'DDL Systems','Default.xpm','' );
insert into alerts.objclass values ( 40145,'Hitachi Telecom (USA)','Default.xpm','Hitachi-TelecomMenu' );
insert into alerts.objclass values ( 40147,'Holistix','Default.xpm','HolistixMenu' );
insert into alerts.objclass values ( 40150,'InkTomi','Default.xpm','' );
insert into alerts.objclass values ( 40155,'Movaz Networks','Default.xpm','' );
insert into alerts.objclass values ( 40160,'Integrated Research','Default.xpm','' );
insert into alerts.objclass values ( 40165,'Intelliden','Default.xpm','' );
insert into alerts.objclass values ( 40170,'Intersect Technologies','Default.xpm','IntersectMenu' );
insert into alerts.objclass values ( 40175,'InRange','Default.xpm','InRangeMenu' );
insert into alerts.objclass values ( 40176,'IronBridge Networks','Default.xpm','' );
insert into alerts.objclass values ( 40178,'Riverstone Networks','Default.xpm','' );
insert into alerts.objclass values ( 40180,'IP Highway','Default.xpm','' );
insert into alerts.objclass values ( 40183,'IpVerse','Default.xpm','ipVerseMenu' );
insert into alerts.objclass values ( 40184,'Viryanet','Default.xpm','ViryanetMenu' );
insert into alerts.objclass values ( 40185,'Keynote Systems','Default.xpm','KeyNoteMenu' );
insert into alerts.objclass values ( 40186,'Luminous Networks','Default.xpm','LuminousMenu' );
insert into alerts.objclass values ( 40187,'Linmor Technologies','Default.xpm','LinmorMenu' );
insert into alerts.objclass values ( 40188,'Luxn','Default.xpm','' );
insert into alerts.objclass values ( 40192,'Kabira Technologies','Default.xpm','' );
insert into alerts.objclass values ( 40197,'Keymile UNEM','Default.xpm','' );
insert into alerts.objclass values ( 402,'HP NNM WS','Default.xpm','' );
insert into alerts.objclass values ( 4020,'MRV Communications - Megavision NMS','Default.xpm','' );
insert into alerts.objclass values ( 40200,'Juniper Networks','Default.xpm','' );
insert into alerts.objclass values ( 40205,'Magnum Technologies','Default.xpm','' );
insert into alerts.objclass values ( 40210,'Minacom Labs','Default.xpm','MinacomMenu' );
insert into alerts.objclass values ( 40215,'Mycom','Default.xpm','' );
insert into alerts.objclass values ( 40220,'Mediation Technologies','Default.xpm','' );
insert into alerts.objclass values ( 40221,'Mspect','Default.xpm','MspectMenu' );
insert into alerts.objclass values ( 40223,'Nokia IPRG','Default.xpm','Nokia-IPRGMenu' );
insert into alerts.objclass values ( 40224,'Nexsi Corporation','Default.xpm','NexsiMenu' );
insert into alerts.objclass values ( 40225,'Mercury Interactive','Default.xpm','Mercury-InteractiveMenu' );
insert into alerts.objclass values ( 40226,'Nortel Networks Access Division','Default.xpm','ShastaMenu' );
insert into alerts.objclass values ( 40227,'Nortel Networks Network Mgmt Division','Default.xpm','Nortel-NMDMenu' );
insert into alerts.objclass values ( 40228,'Nayna Networks','Default.xpm','' );
insert into alerts.objclass values ( 40229,'Network Ice','Default.xpm','Network-IceMenu' );
insert into alerts.objclass values ( 40230,'Niksun','Default.xpm','' );
insert into alerts.objclass values ( 40231,'ISS','Default.xpm','' );
insert into alerts.objclass values ( 40232,'Keynote Systems','Default.xpm','' );
insert into alerts.objclass values ( 40233,'Merlin Systems, Inc.','Default.xpm','MerlinMenu' );
insert into alerts.objclass values ( 40234,'NetIQ (VoIP)','Default.xpm','' );
insert into alerts.objclass values ( 40235,'NetIQ (AppManager)','Default.xpm','Net-IQMenu' );
insert into alerts.objclass values ( 40236,'NetBotz','Default.xpm','' );
insert into alerts.objclass values ( 40237,'NetIQ (Microsoft MOM)','Default.xpm','' );
insert into alerts.objclass values ( 40250,'Netscreen Technologies (IDP)','Default.xpm','' );
insert into alerts.objclass values ( 40251,'Netscreen Technologies(SM)','Default.xpm','' );
insert into alerts.objclass values ( 40252,'Netscreen Technologies(ScreenOS)','Default.xpm','' );
insert into alerts.objclass values ( 40253,'NetRealtiy','Default.xpm','' );
insert into alerts.objclass values ( 40254,'NetPredict','Default.xpm','NetPredictMenu' );
insert into alerts.objclass values ( 40255,'NetOPS','Default.xpm','' );
insert into alerts.objclass values ( 40260,'Netro Corporation','Default.xpm','NetroMenu' );
insert into alerts.objclass values ( 40261,'Nortel Networks ATM DIV','Default.xpm','' );
insert into alerts.objclass values ( 40262,'Netscout Systems','Default.xpm','NetscoutMenu' );
insert into alerts.objclass values ( 40263,'N.E.T.','Default.xpm','N.E.T.Menu' );
insert into alerts.objclass values ( 40264,'ONI Systems','Default.xpm','ONIMenu' );
insert into alerts.objclass values ( 40265,'Optimal Networks','Default.xpm','OptimalMenu' );
insert into alerts.objclass values ( 40266,'NetScreen Technologies','Default.xpm','NetScreenMenu' );
insert into alerts.objclass values ( 40267,'Orchestream','Default.xpm','OrchestreamMenu' );
insert into alerts.objclass values ( 40268,'Quallaby','Default.xpm','QuallabyMenu' );
insert into alerts.objclass values ( 40269,'Radview','Default.xpm','RadviewMenu' );
insert into alerts.objclass values ( 40270,'Packeteer','Default.xpm','PacketeerMenu' );
insert into alerts.objclass values ( 40271,'Ocular Networks','Default.xpm','OcularMenu' );
insert into alerts.objclass values ( 40272,'Redback Networks','Default.xpm','RedbackMenu' );
insert into alerts.objclass values ( 40273,'RQCS','Default.xpm','' );
insert into alerts.objclass values ( 40274,'Open Communications','Default.xpm','Open-CommunicationsMenu' );
insert into alerts.objclass values ( 40275,'Pairgain','Default.xpm','PairgainMenu' );
insert into alerts.objclass values ( 40276,'Quest Software','Default.xpm','QuestMenu' );
insert into alerts.objclass values ( 40277,'Openwave','Default.xpm','' );
insert into alerts.objclass values ( 40278,'Riverstone Networks','Default.xpm','' );
insert into alerts.objclass values ( 40279,'Network Associates','Default.xpm','SnifferMenu' );
insert into alerts.objclass values ( 40280,'Pegasystems','Default.xpm','PegasystemsMenu' );
insert into alerts.objclass values ( 40282,'OSIX','Default.xpm','' );
insert into alerts.objclass values ( 40283,'Overture Networks - Syslog','Default.xpm','' );
insert into alerts.objclass values ( 40284,'Overture Networks - SNMP Trap','Default.xpm','' );
insert into alerts.objclass values ( 40285,'Peregrine Systems','Default.xpm','' );
insert into alerts.objclass values ( 40286,'Protek','Default.xpm','ProtekMenu' );
insert into alerts.objclass values ( 40287,'Precise Software Solutions','Default.xpm','' );
insert into alerts.objclass values ( 40290,'Pixstream','Default.xpm','PixstreamMenu' );
insert into alerts.objclass values ( 40293,'Portal Software','Default.xpm','' );
insert into alerts.objclass values ( 40295,'Price Waterhouse','Default.xpm','' );
insert into alerts.objclass values ( 40298,'Ponte','Default.xpm','' );
insert into alerts.objclass values ( 40300,'Primal Solutions','Default.xpm','' );
insert into alerts.objclass values ( 40305,'Procket Networks','Default.xpm','' );
insert into alerts.objclass values ( 40310,'Quarry Technologies','Default.xpm','' );
insert into alerts.objclass values ( 40315,'Scientific Atlanta','Default.xpm','Scientific-AtlantaMenu' );
insert into alerts.objclass values ( 40316,'Servelec Limited','Default.xpm','ServelecMenu' );
insert into alerts.objclass values ( 40320,'Singlepoint Limited','Default.xpm','' );
insert into alerts.objclass values ( 40325,'Sitara Networks','Default.xpm','SitaraMenu' );
insert into alerts.objclass values ( 40326,'Southernview','Default.xpm','' );
insert into alerts.objclass values ( 40329,'Sorrento Networks','Default.xpm','SorrentoMenu' );
insert into alerts.objclass values ( 40330,'Sycamore Networks','Default.xpm','' );
insert into alerts.objclass values ( 40333,'Synchrony','Default.xpm','SynchronyMenu' );
insert into alerts.objclass values ( 40334,'Tachion Networks','Default.xpm','TachionMenu' );
insert into alerts.objclass values ( 40335,'Syndesis','Default.xpm','' );
insert into alerts.objclass values ( 40336,'Teleknowledge','Default.xpm','TeleknowledgeMenu' );
insert into alerts.objclass values ( 40337,'Tellabs','Default.xpm','TellabsMenu' );
insert into alerts.objclass values ( 40338,'Tek-Tools','Default.xpm','TRAIANMenu' );
insert into alerts.objclass values ( 40339,'Tollgrade','Default.xpm','TollgradeMenu' );
insert into alerts.objclass values ( 40340,'Trendium','Default.xpm','TrendiumMenu' );
insert into alerts.objclass values ( 40342,'Tellabs 5500 NGX Digital Cross Connect','Default.xpm','' );
insert into alerts.objclass values ( 40343,'Tellabs 7190 Element Manager','Default.xpm','' );
insert into alerts.objclass values ( 40345,'UUNet','Default.xpm','UUNETMenu' );
insert into alerts.objclass values ( 40350,'Vitria','Default.xpm','' );
insert into alerts.objclass values ( 40351,'Zaffire','Default.xpm','CenterPointMenu' );
insert into alerts.objclass values ( 40352,'Visual Networks','Default.xpm','' );
insert into alerts.objclass values ( 40354,'Visualware','Default.xpm','' );
insert into alerts.objclass values ( 40356,'Scientific Atlanta','Default.xpm','' );
insert into alerts.objclass values ( 40358,'Xtera Communications','Default.xpm','' );
insert into alerts.objclass values ( 40360,'Copper Mountain','Default.xpm','' );
insert into alerts.objclass values ( 40363,'Viewgate Networks','Default.xpm','ViewgateMenu' );
insert into alerts.objclass values ( 40365,'Visionael Corporation','Default.xpm','VisionaelMenu' );
insert into alerts.objclass values ( 40367,'Wavesmith Networks','Default.xpm','WavesmithMenu' );
insert into alerts.objclass values ( 40369,'White Rock Networks','Default.xpm','White-RockMenu' );
insert into alerts.objclass values ( 40371,'Juniper-JUNOS  syslog','Default.xpm','' );
insert into alerts.objclass values ( 40373,'Juniper-JUNOS SNMP','Default.xpm','' );
insert into alerts.objclass values ( 40375,'Juniper-JUNOSe SNMP','Default.xpm','' );
insert into alerts.objclass values ( 40376,'Juniper-JUNOSe syslog','Default.xpm','' );
insert into alerts.objclass values ( 40378,'Tripwire for Servers (E-Mail)','Default.xpm','' );
insert into alerts.objclass values ( 40379,'Tripwire for Servers (NT Event Log)','Default.xpm','' );
insert into alerts.objclass values ( 40380,'Tripwire for Servers (Syslog)','Default.xpm','' );
insert into alerts.objclass values ( 40385,'Entercept Security Technologies HIDS (Syslog)','Default.xpm','' );
insert into alerts.objclass values ( 40390,'SonicWALL Firewall (Syslog)','Default.xpm','' );
insert into alerts.objclass values ( 40391,'SonicWALL (SNMP Trap)','Default.xpm','' );
insert into alerts.objclass values ( 40395,'Opnet Technologies','Default.xpm','' );
insert into alerts.objclass values ( 40400,'Siemens IN','Default.xpm','' );
insert into alerts.objclass values ( 40405,'Siemens NetManager','Default.xpm','' );
insert into alerts.objclass values ( 40410,'Siemens SPOTS','Default.xpm','' );
insert into alerts.objclass values ( 40415,'Siemens NetViewer','Default.xpm','' );
insert into alerts.objclass values ( 40420,'Siemens IP Manager','Default.xpm','' );
insert into alerts.objclass values ( 40425,'Siemens @vantage Commander','Default.xpm','' );
insert into alerts.objclass values ( 40430,'Siemens AccessIntegrator','Default.xpm','' );
insert into alerts.objclass values ( 40435,'Secure Computing','Default.xpm','' );
insert into alerts.objclass values ( 40440,'Polaris Networks OMX','Default.xpm','' );
insert into alerts.objclass values ( 40445,'Spirent','Default.xpm','' );
insert into alerts.objclass values ( 40450,'Redfern Broadband Networks','Default.xpm','' );
insert into alerts.objclass values ( 40452,'Rocksteady (RocksteadyNSA)','Default.xpm','' );
insert into alerts.objclass values ( 40455,'Cloudshield','Default.xpm','' );
insert into alerts.objclass values ( 40457,'Collation (Confignia)','Default.xpm','' );
insert into alerts.objclass values ( 40460,'Rendition Networks','Default.xpm','' );
insert into alerts.objclass values ( 40462,'Covaro Networks (CC16000)','Default.xpm','' );
insert into alerts.objclass values ( 40463,'Covaro Networks(NID)','Default.xpm','' );
insert into alerts.objclass values ( 40465,'Wibhu','Default.xpm','' );
insert into alerts.objclass values ( 40467,'Core Networks (CoreMeter)','Default.xpm','' );
insert into alerts.objclass values ( 40470,'UCDavis','Default.xpm','' );
insert into alerts.objclass values ( 40475,'Turin Networks SNMP','Default.xpm','' );
insert into alerts.objclass values ( 40480,'NEC (Pasolink NEO)','Default.xpm','' );
insert into alerts.objclass values ( 40481,'NEC (Enlite)','Default.xpm','' );
insert into alerts.objclass values ( 40482,'NEC (Pasolink PNMSj)','Default.xpm','' );
insert into alerts.objclass values ( 40485,'Avaya (SNMP integration with Definity G3 PBX)','Default.xpm','' );
insert into alerts.objclass values ( 40490,'Nera Networks(NEW NMS)','Default.xpm','' );
insert into alerts.objclass values ( 40495,'Nera Networks NetMaster','Default.xpm','' );
insert into alerts.objclass values ( 40497,'Voyence (VoyenceControl)','Default.xpm','' );
insert into alerts.objclass values ( 4050,'Nokia NMS100','Default.xpm','' );
insert into alerts.objclass values ( 40500,'Ciena (CN2300) TL1','Default.xpm','' );
insert into alerts.objclass values ( 40501,'Ciena (CN4300) TL1','Default.xpm','' );
insert into alerts.objclass values ( 40502,'Ciena (CN2200)','Default.xpm','' );
insert into alerts.objclass values ( 40503,'Ciena (CN4200) TL1','Default.xpm','' );
insert into alerts.objclass values ( 40504,'Ciena (Wavesmith DN7xxx) SNMP','Default.xpm','' );
insert into alerts.objclass values ( 40505,'Ciena (OnLine Metro)','Default.xpm','' );
insert into alerts.objclass values ( 40506,'Ciena SNMP','Default.xpm','' );
insert into alerts.objclass values ( 40520,'Aircom-Optima','Default.xpm','' );
insert into alerts.objclass values ( 40525,'Attention Software (Notification System)','Default.xpm','' );
insert into alerts.objclass values ( 40530,'Oracle (Enterprise Manager)','Default.xpm','' );
insert into alerts.objclass values ( 40535,'Hatteras Networks','Default.xpm','' );
insert into alerts.objclass values ( 40538,'Laurel Networks (ST Series Service Edge Router)','Default.xpm','' );
insert into alerts.objclass values ( 40540,'McAfee(Intrushield)','Default.xpm','' );
insert into alerts.objclass values ( 40541,'McAfee(Foundstone)','Default.xpm','' );
insert into alerts.objclass values ( 40542,'Lucent Metropolis WSM','Default.xpm','' );
insert into alerts.objclass values ( 40545,'Pedestal Networks (UBS)','Default.xpm','' );
insert into alerts.objclass values ( 40550,'Atrica (Syslog)','Default.xpm','' );
insert into alerts.objclass values ( 40555,'Lucent Feature Server 3000','Default.xpm','' );
insert into alerts.objclass values ( 40560,'NetTest (MasterQuest)','Default.xpm','' );
insert into alerts.objclass values ( 40565,'ADVA AG Optical Networking(FSP-NM)','Default.xpm','' );
insert into alerts.objclass values ( 40570,'Brix Networks','Default.xpm','' );
insert into alerts.objclass values ( 40576,'Huawei N2000','Default.xpm','' );
insert into alerts.objclass values ( 40577,'Huawei AR-series','Default.xpm','' );
insert into alerts.objclass values ( 40578,'Huawei S-Series','Default.xpm','' );
insert into alerts.objclass values ( 40579,'Huawei NetEngine','Default.xpm','' );
insert into alerts.objclass values ( 40580,'Huawei Optix Metro','Default.xpm','' );
insert into alerts.objclass values ( 40581,'Huawei T2000','Default.xpm','' );
insert into alerts.objclass values ( 40582,'Huawei M2000','Default.xpm','' );
insert into alerts.objclass values ( 40583,'Huawei I2000','Default.xpm','' );
insert into alerts.objclass values ( 40605,'Empirix (Hammer XMS)','Default.xpm','' );
insert into alerts.objclass values ( 40620,'Dorado Software(RedCell)','Default.xpm','' );
insert into alerts.objclass values ( 40625,'Infinera (Fault Integration Server)','Default.xpm','' );
insert into alerts.objclass values ( 40626,'Infinera DTN','Default.xpm','' );
insert into alerts.objclass values ( 40630,'Marconi XCD5000 SoftSwitch','Default.xpm','' );
insert into alerts.objclass values ( 40635,'Opvista(Wavemaster)','Default.xpm','' );
insert into alerts.objclass values ( 40640,'MetaSwitch EMS','Default.xpm','' );
insert into alerts.objclass values ( 40642,'Mazu Networks','Default.xpm','' );
insert into alerts.objclass values ( 40645,'Panduit (Managed Network Solutions)','Default.xpm','' );
insert into alerts.objclass values ( 40650,'Aktino (AK4000)','Default.xpm','' );
insert into alerts.objclass values ( 40653,'Apertio One','Default.xpm','' );
insert into alerts.objclass values ( 40655,'Fujitsu FlashWave','Default.xpm','' );
insert into alerts.objclass values ( 40660,'Foundry Networks','Default.xpm','' );
insert into alerts.objclass values ( 40665,'Schmid Telecom - watson TDM','Default.xpm','' );
insert into alerts.objclass values ( 40670,'AlterPoint DeviceAuthority','Default.xpm','' );
insert into alerts.objclass values ( 40675,'Radcom Omni-Q','Default.xpm','' );
insert into alerts.objclass values ( 40676,'Quest Controls','Default.xpm','' );
insert into alerts.objclass values ( 40677,'Airwave Wireless','Default.xpm','' );
insert into alerts.objclass values ( 40678,'Iptivia RouteDynamics','Default.xpm','' );
insert into alerts.objclass values ( 40679,'Hammerhead Systems','Default.xpm','' );
insert into alerts.objclass values ( 40680,'CA Wily Technology','Default.xpm','' );
insert into alerts.objclass values ( 40682,'Acme Packet  - Net-Net','Default.xpm','' );
insert into alerts.objclass values ( 40684,'Symmetricom','Default.xpm','' );
insert into alerts.objclass values ( 40686,'Tektronix GeoProbe','Default.xpm','' );
insert into alerts.objclass values ( 40688,'Alcatel 1340','Default.xpm','' );
insert into alerts.objclass values ( 40689,'Ericsson ServiceOn Microwave','Default.xpm','' );
insert into alerts.objclass values ( 40690,'ECI Telecom - OPS Management System','Default.xpm','' );
insert into alerts.objclass values ( 40700,'Riverbed Technology','Default.xpm','' );
insert into alerts.objclass values ( 4100,'Nokia NMS2000','Default.xpm','' );
insert into alerts.objclass values ( 4150,'Nokia NMS1000','Default.xpm','' );
insert into alerts.objclass values ( 4200,'ECI/eNM','Default.xpm','ECIeNMMenu' );
insert into alerts.objclass values ( 4250,'CastleRock Snmpc5','Default.xpm','' );
insert into alerts.objclass values ( 4300,'FIFO Probe','Default.xpm','FIFOMenu' );
insert into alerts.objclass values ( 4350,'Nortel Magellan NMS','Default.xpm','' );
insert into alerts.objclass values ( 4400,'Generic Probe','Default.xpm','GenericMenu' );
insert into alerts.objclass values ( 4500,'Ascom PANMAN','Default.xpm','AscomPanmanMenu' );
insert into alerts.objclass values ( 4600,'BMC Patrol','Default.xpm','BMCPatrolMenu' );
insert into alerts.objclass values ( 4650,'Alcatel AWS','Default.xpm','' );
insert into alerts.objclass values ( 4700,'RADIUS Probe','Default.xpm','RadiusMenu' );
insert into alerts.objclass values ( 4750,'Sun Management Center','Default.xpm','' );
insert into alerts.objclass values ( 4800,'Tellabs Titan','Default.xpm','TellabsTitanMenu' );
insert into alerts.objclass values ( 4850,'Tandem_SCP','Default.xpm','' );
insert into alerts.objclass values ( 4900,'Alcatel OS-OS','Default.xpm','AlcatelOsOsMenu' );
insert into alerts.objclass values ( 4905,'Alcatel 5580 HDM','Default.xpm','' );
insert into alerts.objclass values ( 4910,'Alcatel_s12','Default.xpm','' );
insert into alerts.objclass values ( 4915,'Alcatel OMCR 1353 RA-B10 Q3 probe','Default.xpm','' );
insert into alerts.objclass values ( 4920,'Alcatel XMC CORBA Probe','Default.xpm','' );
insert into alerts.objclass values ( 4950,'Alcatel 5620 Corba','Default.xpm','' );
insert into alerts.objclass values ( 4951,'Alcatel 5529 oad','Default.xpm','' );
insert into alerts.objclass values ( 4955,'Alcatel_SAM','Default.xpm','' );
insert into alerts.objclass values ( 4957,'Alcatel 5620 sam v5','Default.xpm','' );
insert into alerts.objclass values ( 4958,'Alcatel 5620 sam v6','Default.xpm','' );
insert into alerts.objclass values ( 4959,'Alcatel 9753 OMC WR','Default.xpm','' );
insert into alerts.objclass values ( 4960,'cisco_ctm_corba','Default.xpm','' );
insert into alerts.objclass values ( 4961,'Alcatel 5620 SAM v7','Default.xpm','' );
insert into alerts.objclass values ( 4962,'Alcatel 5620 SAM v8','Default.xpm','' );
insert into alerts.objclass values ( 4963,'Alcatel 5620 SAM V8 Corba','Default.xpm','' );
insert into alerts.objclass values ( 4964,'Alcatel 5620 SAM v9','Default.xpm','' );
insert into alerts.objclass values ( 500,'Mttrapd_ems','Default.xpm','' );
insert into alerts.objclass values ( 5000,'Generic ODBC Probe','Default.xpm','GenericODBCMenu' );
insert into alerts.objclass values ( 5001,'RuggedCom','Default.xpm','' );
insert into alerts.objclass values ( 5010,'ZTE Corba wcdma','Default.xpm','' );
insert into alerts.objclass values ( 5011,'ZTE Corba fixednms','Default.xpm','' );
insert into alerts.objclass values ( 5012,'ZTE E300','Default.xpm','' );
insert into alerts.objclass values ( 5013,'ZTE M31','Default.xpm','' );
insert into alerts.objclass values ( 5100,'Nortel INM (Sonet/SDH)','Default.xpm','NortelINMMenu' );
insert into alerts.objclass values ( 5101,'Nortel OSSI','Default.xpm','' );
insert into alerts.objclass values ( 5150,'Nortel_evdo','Default.xpm','' );
insert into alerts.objclass values ( 5155,'Genband IEMS','Default.xpm','' );
insert into alerts.objclass values ( 5157,'Nortel_mtosi_V11','Default.xpm','' );
insert into alerts.objclass values ( 5159,'Nortel CNM','Default.xpm','' );
insert into alerts.objclass values ( 5161,'Nortel C-EMS','Default.xpm','' );
insert into alerts.objclass values ( 5200,'Cabletron Spectrum','Default.xpm','' );
insert into alerts.objclass values ( 5201,'Nolio','Default.xpm','' );
insert into alerts.objclass values ( 5202,'Retalix','Default.xpm','' );
insert into alerts.objclass values ( 5203,'Intellinx Ltd','Default.xpm','' );
insert into alerts.objclass values ( 5210,'Indeni Limited','Default.xpm','' );
insert into alerts.objclass values ( 5300,'Root Cause Analysis','Default.xpm','' );
insert into alerts.objclass values ( 5400,'RTSP ISM','Default.xpm','' );
insert into alerts.objclass values ( 5450,'SMS','Default.xpm','' );
insert into alerts.objclass values ( 5550,'MMS','Default.xpm','' );
insert into alerts.objclass values ( 5650,'WAP','Default.xpm','' );
insert into alerts.objclass values ( 5750,'TFTP ISM','Default.xpm','' );
insert into alerts.objclass values ( 5760,'SIP ISM','Default.xpm','' );
insert into alerts.objclass values ( 5770,'SOAP ISM','Default.xpm','' );
insert into alerts.objclass values ( 5800,'DNS ISM','Default.xpm','' );
insert into alerts.objclass values ( 5850,'DHCP ISM','Default.xpm','' );
insert into alerts.objclass values ( 5900,'FTP ISM','Default.xpm','' );
insert into alerts.objclass values ( 5950,'Dial ISM','Default.xpm','' );
insert into alerts.objclass values ( 600,'Nokia Netact Wireless Internet 3GPP Server','Default.xpm','' );
insert into alerts.objclass values ( 6000,'HTTP ISM','Default.xpm','' );
insert into alerts.objclass values ( 60000,'Firewall Generic','Default.xpm','' );
insert into alerts.objclass values ( 60001,'Firewall -1','Default.xpm','' );
insert into alerts.objclass values ( 60002,'PIX','Default.xpm','' );
insert into alerts.objclass values ( 6050,'NTP ISM','Default.xpm','' );
insert into alerts.objclass values ( 6100,'HTTPS ISM','Default.xpm','' );
insert into alerts.objclass values ( 61000,'IDS Generic','Default.xpm','' );
insert into alerts.objclass values ( 61001,'IDS-POST','Default.xpm','' );
insert into alerts.objclass values ( 61002,'IDS-RDEP','Default.xpm','' );
insert into alerts.objclass values ( 61003,'ISS SiteProtector','Default.xpm','' );
insert into alerts.objclass values ( 61004,'ISS WorkGroup Manager','Default.xpm','' );
insert into alerts.objclass values ( 61005,'Network Flight Recorder','Default.xpm','' );
insert into alerts.objclass values ( 61006,'SDEE','Default.xpm','' );
insert into alerts.objclass values ( 6150,'RPING ISM','Default.xpm','' );
insert into alerts.objclass values ( 6200,'IMAP4 ISM','Default.xpm','' );
insert into alerts.objclass values ( 62000,'AAA Generic','Default.xpm','' );
insert into alerts.objclass values ( 62001,'Cisco ACS','Default.xpm','' );
insert into alerts.objclass values ( 6250,'SNMP ISM','Default.xpm','' );
insert into alerts.objclass values ( 6300,'LDAP ISM','Default.xpm','' );
insert into alerts.objclass values ( 63000,'Anti-Virus Generic','Default.xpm','' );
insert into alerts.objclass values ( 6350,'TRANSX ISM','Default.xpm','' );
insert into alerts.objclass values ( 6400,'NNTP ISM','Default.xpm','' );
insert into alerts.objclass values ( 64000,'VPN Generic','Default.xpm','' );
insert into alerts.objclass values ( 6450,'IPM','Default.xpm','' );
insert into alerts.objclass values ( 6451,'IPMOutageStart','Default.xpm','' );
insert into alerts.objclass values ( 6452,'IPMOutageEnd','Default.xpm','' );
insert into alerts.objclass values ( 6453,'IPMULAPass','Default.xpm','' );
insert into alerts.objclass values ( 6454,'IPMULAFail','Default.xpm','' );
insert into alerts.objclass values ( 6455,'IPMTrend','Default.xpm','' );
insert into alerts.objclass values ( 6456,'IPMDataSourceStatus','Default.xpm','' );
insert into alerts.objclass values ( 6457,'IPMEngineStatus','Default.xpm','' );
insert into alerts.objclass values ( 6458,'IPMPublisherStatus','Default.xpm','' );
insert into alerts.objclass values ( 6459,'IPMPCECause','Default.xpm','' );
insert into alerts.objclass values ( 6460,'IPMPCEResolution','Default.xpm','' );
insert into alerts.objclass values ( 6461,'IPMCost','Default.xpm','' );
insert into alerts.objclass values ( 6462,'IPMAdmin','Default.xpm','' );
insert into alerts.objclass values ( 6463,'SM Status','Default.xpm','' );
insert into alerts.objclass values ( 6464,'SM Threshold','Default.xpm','' );
insert into alerts.objclass values ( 6500,'POP3 ISM','Default.xpm','' );
insert into alerts.objclass values ( 65000,'Encryption Generic','Default.xpm','' );
insert into alerts.objclass values ( 6550,'TL1 TSM','Default.xpm','' );
insert into alerts.objclass values ( 6600,'RADIUS ISM','Default.xpm','' );
insert into alerts.objclass values ( 66000,'PKI Generic','Default.xpm','' );
insert into alerts.objclass values ( 6601,'TME10tecad','Default.xpm','' );
insert into alerts.objclass values ( 6602,'TME10dmlog','Default.xpm','' );
insert into alerts.objclass values ( 6603,'TME10notice','Default.xpm','' );
insert into alerts.objclass values ( 6604,'TME10email','Default.xpm','' );
insert into alerts.objclass values ( 6700,'SMTP ISM','Default.xpm','' );
insert into alerts.objclass values ( 67000,'Content Filtering Generic','Default.xpm','' );
insert into alerts.objclass values ( 6750,'SiemensTNMS(corba)','Default.xpm','' );
insert into alerts.objclass values ( 6770,'Lucent SNMS','Default.xpm','' );
insert into alerts.objclass values ( 6800,'TCP Port ISM','Default.xpm','' );
insert into alerts.objclass values ( 6850,'Ericsson RANOS','Default.xpm','' );
insert into alerts.objclass values ( 6855,'CNOSS','Default.xpm','' );
insert into alerts.objclass values ( 6900,'ICMP ISM','Default.xpm','' );
insert into alerts.objclass values ( 69000,'PsyQ','Default.xpm','' );
insert into alerts.objclass values ( 6950,'Nortel Preside Wireless Internet 3GPP Server','Default.xpm','' );
insert into alerts.objclass values ( 6955,'RIM','Default.xpm','' );
insert into alerts.objclass values ( 6960,'Prognosis','Default.xpm','' );
insert into alerts.objclass values ( 700,'Netview','Default.xpm','NetviewMenu' );
insert into alerts.objclass values ( 7000,'Firewall','Default.xpm','' );
insert into alerts.objclass values ( 7001,'FW-Known Offender','Default.xpm','' );
insert into alerts.objclass values ( 7002,'FW-Statistics','Default.xpm','' );
insert into alerts.objclass values ( 7003,'FW-Control','Default.xpm','' );
insert into alerts.objclass values ( 7004,'FW-Abnormal','Default.xpm','' );
insert into alerts.objclass values ( 7005,'FW-Account','Default.xpm','' );
insert into alerts.objclass values ( 7007,'FW-Cisco IDS RDEP','Default.xpm','' );
insert into alerts.objclass values ( 7020,'Cyberguard','Default.xpm','' );
insert into alerts.objclass values ( 7100,'Ericsson AXE10','Default.xpm','' );
insert into alerts.objclass values ( 7115,'DSCDEX','Default.xpm','' );
insert into alerts.objclass values ( 7150,'TUSC AMS','Default.xpm','' );
insert into alerts.objclass values ( 7200,'Alcatel NMC 1300','Default.xpm','' );
insert into alerts.objclass values ( 7250,'Racal Milgo CMS400','Default.xpm','' );
insert into alerts.objclass values ( 7300,'Alcatel OMC-S','Default.xpm','' );
insert into alerts.objclass values ( 7325,'Alcatel_OMCR_3GPP','Default.xpm','' );
insert into alerts.objclass values ( 7330,'Lucent_OMC_3GPP','Default.xpm','' );
insert into alerts.objclass values ( 7350,'Nortel INM (Sonet/SDH)','Default.xpm','' );
insert into alerts.objclass values ( 7400,'Oracle Table Monitor','Default.xpm','' );
insert into alerts.objclass values ( 7450,'Tivoli TEC (Oracle)','Default.xpm','' );
insert into alerts.objclass values ( 7500,'Tivoli TEC (Sybase)','Default.xpm','' );
insert into alerts.objclass values ( 7550,'Siemens DCO','Default.xpm','' );
insert into alerts.objclass values ( 7600,'PDS Schneider DCCS TSM','Default.xpm','' );
insert into alerts.objclass values ( 7650,'Marconi System X TSM','Default.xpm','' );
insert into alerts.objclass values ( 7700,'Marconi PFM','Default.xpm','' );
insert into alerts.objclass values ( 7706,'Marconi PSB','Default.xpm','' );
insert into alerts.objclass values ( 7707,'Marconi PSBv42','Default.xpm','' );
insert into alerts.objclass values ( 7710,'Motorola_axs_vision','Default.xpm','' );
insert into alerts.objclass values ( 7750,'CA Unicenter TNG','Default.xpm','' );
insert into alerts.objclass values ( 7800,'Nortel MG9000 EMS','Default.xpm','' );
insert into alerts.objclass values ( 7850,'Nortel PTM EMS','Default.xpm','' );
insert into alerts.objclass values ( 7900,'Redback Netop','Default.xpm','' );
insert into alerts.objclass values ( 7950,'Marconi ServiceOn Fusion for Data','Default.xpm','' );
insert into alerts.objclass values ( 7955,'Generic Log File Probe','Default.xpm','' );
insert into alerts.objclass values ( 7960,'Serviceon_access','Default.xpm','' );
insert into alerts.objclass values ( 800,'Newbridge 46020','Default.xpm','46020Menu' );
insert into alerts.objclass values ( 8000,'Precision [Start]','Default.xpm','' );
insert into alerts.objclass values ( 8001,'NCP SAE','Default.xpm','' );
insert into alerts.objclass values ( 8049,'Precision [End]','Default.xpm','' );
insert into alerts.objclass values ( 8050,'Tekelec Eagle STP','Default.xpm','' );
insert into alerts.objclass values ( 8100,'Tekelek LSMS','Default.xpm','' );
insert into alerts.objclass values ( 8150,'Q3 Probe','Default.xpm','' );
insert into alerts.objclass values ( 8200,'Nortel EAI','Default.xpm','' );
insert into alerts.objclass values ( 8250,'Tellabs Focus NM2100','Default.xpm','' );
insert into alerts.objclass values ( 8400,'IDS-POST','Default.xpm','' );
insert into alerts.objclass values ( 8420,'Netscreen Technologies (IDP)','Default.xpm','' );
insert into alerts.objclass values ( 850,'Lucent G2','Default.xpm','' );
insert into alerts.objclass values ( 8500,'IDS-RDEP','Default.xpm','' );
insert into alerts.objclass values ( 8548,'ISS SiteProtector','Default.xpm','' );
insert into alerts.objclass values ( 8550,'Network Flight Recorder','Default.xpm','' );
insert into alerts.objclass values ( 86001,'Network Assure alarm forwarder','Default.xpm','' );
insert into alerts.objclass values ( 86002,'Service Assure alarm forwarder','Default.xpm','' );
insert into alerts.objclass values ( 86003,'Service Assure KQI State Change','Default.xpm','' );
insert into alerts.objclass values ( 86004,'Service Assure CEM Alarms','Default.xpm','' );
insert into alerts.objclass values ( 86005,'Service Assure SLA Violation','Default.xpm','' );
insert into alerts.objclass values ( 86010,'Prospect Alarm Forwarder','Default.xpm','' );
insert into alerts.objclass values ( 87000,'Panthera Networks','Default.xpm','' );
insert into alerts.objclass values ( 87003,'Adtran','Default.xpm','' );
insert into alerts.objclass values ( 87005,'Chipcom','Default.xpm','' );
insert into alerts.objclass values ( 87007,'Alliedtelesyn','Default.xpm','' );
insert into alerts.objclass values ( 87009,'Bluelance','Default.xpm','' );
insert into alerts.objclass values ( 87010,'Trilliant','Default.xpm','' );
insert into alerts.objclass values ( 87012,'Compaq','Default.xpm','' );
insert into alerts.objclass values ( 87015,'ntntech','Default.xpm','' );
insert into alerts.objclass values ( 87018,'synoptics','Default.xpm','' );
insert into alerts.objclass values ( 87350,'IBM Director','Default.xpm','' );
insert into alerts.objclass values ( 87360,'TNPFA','Default.xpm','' );
insert into alerts.objclass values ( 87700,'Zenulta(Zen)','Default.xpm','' );
insert into alerts.objclass values ( 87702,'Common Alerting Protocol Events','Default.xpm','' );
insert into alerts.objclass values ( 87705,'SysMech(TeMIP)','Default.xpm','' );
insert into alerts.objclass values ( 87720,'Tivoli Storage Manager','Default.xpm','' );
insert into alerts.objclass values ( 87721,'Tivoli Application Dependency Discovery Manager','Default.xpm','' );
insert into alerts.objclass values ( 87722,'IBM Tivoli Monitoring','Default.xpm','' );
insert into alerts.objclass values ( 87723,'IBM Tivoli Monitoring Agent','Default.xpm','' );
insert into alerts.objclass values ( 87724,'ITNCM','Default.xpm','' );
insert into alerts.objclass values ( 87725,'Tivoli System Automation','Default.xpm','' );
insert into alerts.objclass values ( 87726,'IBM Proventia','Default.xpm','' );
insert into alerts.objclass values ( 87727,'IBM PureApplication System','Default.xpm','' );
insert into alerts.objclass values ( 87728,'IBM Workload Deployer','Default.xpm','' );
insert into alerts.objclass values ( 8888,'Huawei_N2000_corba','Default.xpm','' );
insert into alerts.objclass values ( 8889,'Huawei_T2000_corba','Default.xpm','' );
insert into alerts.objclass values ( 8890,'Huawei_M2000_MML','Default.xpm','' );
insert into alerts.objclass values ( 8891,'Huawei_M2000_corba','Default.xpm','' );
insert into alerts.objclass values ( 8895,'TMF814_v2','Default.xpm','' );
insert into alerts.objclass values ( 8900,'siemens_tnms_TMF814','Default.xpm','' );
insert into alerts.objclass values ( 89001,'UCSM','Default.xpm','' );
insert into alerts.objclass values ( 89002,'CUCM','Default.xpm','' );
insert into alerts.objclass values ( 89003,'CUCxN','Default.xpm','' );
insert into alerts.objclass values ( 89004,'CUP','Default.xpm','' );
insert into alerts.objclass values ( 89005,'Cisco DCNM LAN','Default.xpm','' );
insert into alerts.objclass values ( 89006,'Cisco DCNM SAN','Default.xpm','' );
insert into alerts.objclass values ( 89007,'UCCE','Default.xpm','' );
insert into alerts.objclass values ( 89008,'CVP','Default.xpm','' );
insert into alerts.objclass values ( 89100,'PL Series SNMP Agent','Default.xpm','' );
insert into alerts.objclass values ( 89120,'Tivoli Endpoint Manager Exception Events','Default.xpm','' );
insert into alerts.objclass values ( 89121,'TEM Network AP Status Events','Default.xpm','' );
insert into alerts.objclass values ( 89122,'TEM Network Topology Notifications','Default.xpm','' );
insert into alerts.objclass values ( 89200,'TPC Rules','Default.xpm','' );
insert into alerts.objclass values ( 89210,'Netcool Message Bus probe','Default.xpm','' );
insert into alerts.objclass values ( 89220,'CBE Message Bus probe','Default.xpm','' );
insert into alerts.objclass values ( 89230,'WEF Message Bus Probe','Default.xpm','' );
insert into alerts.objclass values ( 89240,'WBE (WebSphere Business Events) Message Bus Probe','Default.xpm','' );
insert into alerts.objclass values ( 89300,'Predictive Events','Default.xpm','' );
insert into alerts.objclass values ( 89320,'SA z/OS','Default.xpm','' );
insert into alerts.objclass values ( 89350,'TSAA Events','Default.xpm','' );
insert into alerts.objclass values ( 900,'Windows NT Event Log','Default.xpm','WinNTLogMenu' );
insert into alerts.objclass values ( 9000,'ODBC Probe','Default.xpm','' );
insert into alerts.objclass values ( 9050,'Visionary Event Reporter','Default.xpm','' );
insert into alerts.objclass values ( 9200,'Siemens SMNOS','Default.xpm','' );
insert into alerts.objclass values ( 9205,'siemens_rc_br85v50','Default.xpm','' );
insert into alerts.objclass values ( 9206,'siemens_rc_umr6','Default.xpm','' );
insert into alerts.objclass values ( 9207,'siemens_sc_scr12','Default.xpm','' );
insert into alerts.objclass values ( 925,'Windows 2008/v7 Eventlog Probe','Default.xpm','' );
insert into alerts.objclass values ( 9250,'Siemens TNMS SNMP','Default.xpm','' );
insert into alerts.objclass values ( 9300,'Lucent DND and ITM-NM/XMC','Default.xpm','' );
insert into alerts.objclass values ( 9350,'Lucent ITM SC','Default.xpm','' );
insert into alerts.objclass values ( 9400,'Lucent 5ESS','Default.xpm','' );
insert into alerts.objclass values ( 9450,'Lucent_nfm','Default.xpm','' );
insert into alerts.objclass values ( 95,'Fujitsu FLEXR+','','' );
insert into alerts.objclass values ( 950,'Multiheaded  Ntlog probe','Default.xpm','' );
insert into alerts.objclass values ( 955,'Samsung_bsm','Default.xpm','' );
insert into alerts.objclass values ( 9999,'Siemens ACVD','Default.xpm','' );
go


insert into alerts.objmenuitems values ( 'DefaultMenu:1','DefaultMenu',1,'Ping','. $(OMNIHOME)/utils/nco_functions\nnco_get_PATH\n$PING @Node','','','',0,1,1 );
insert into alerts.objmenuitems values ( 'DefaultMenu:2','DefaultMenu',2,'Sample Default Tool','. $(OMNIHOME)/utils/nco_functions\nnco_get_PATH\n$ECHO \"Place tools for the Default Class \\(0\\) on the DefaultMenu\" > /tmp/toolsample.$$\n$(OMNIHOME)/bin/nco_message -title \"DefaultMenu\" -stdin < /tmp/toolsample.$$\nrm /tmp/toolsample.$$','','','',0,0,0 );
insert into alerts.objmenuitems values ( 'DefaultMenu:3','DefaultMenu',3,'Telnet Tool','. $(OMNIHOME)/utils/nco_functions\nnco_get_PATH\nexport TELNET SLEEP\n\n$XTERM -e /bin/sh -c \'$TELNET @Node ; $SLEEP 3\'\n','','','',0,0,0 );
insert into alerts.objmenuitems values ( 'SimNetMenu:1','SimNetMenu',1,'Simnet Sample Tool','. $(OMNIHOME)/utils/nco_functions\nnco_get_PATH\n$ECHO \"Place your tools for the  SimNet Probe on the SimNetMenu\" > /tmp/toolsample.$$\n$(OMNIHOME)/bin/nco_message -title \"SimNetMenu\" -stdin < /tmp/toolsample.$$\nrm /tmp/toolsample.$$','','','',0,0,0 );
insert into alerts.objmenuitems values ( 'SimNetMenu:2','SimNetMenu',2,'Telnet Tool','. $(OMNIHOME)/utils/nco_functions\nnco_get_PATH\nexport TELNET SLEEP\n\n$XTERM -e /bin/sh -c \'$TELNET @Node ; $SLEEP 3\'\n','','','',0,0,0 );
insert into alerts.objmenuitems values ( 'SyslogMenu:1','SyslogMenu',1,'Ping','. $(OMNIHOME)/utils/nco_functions\nnco_get_PATH\n$PING @Node','','','',0,1,1 );
insert into alerts.objmenuitems values ( 'SyslogMenu:2','SyslogMenu',2,'Sample Syslog Tool','. $(OMNIHOME)/utils/nco_functions\nnco_get_PATH\n$ECHO \"Place your tools for the Syslog Probe on the SyslogMenu\" > /tmp/toolsample.$$\n$(OMNIHOME)/bin/nco_message -title \"SyslogMenu\" -stdin < /tmp/toolsample.$$\nrm /tmp/toolsample.$$','','','',0,0,0 );
insert into alerts.objmenuitems values ( 'SyslogMenu:3','SyslogMenu',3,'Telnet Tool','. $(OMNIHOME)/utils/nco_functions\nnco_get_PATH\nexport TELNET SLEEP\n\n$XTERM -e /bin/sh -c \'$TELNET @Node ; $SLEEP 3\'\n','','','',0,0,0 );
insert into alerts.objmenuitems values ( 'TrapdMenu:1','TrapdMenu',1,'Ping','. $(OMNIHOME)/utils/nco_functions\nnco_get_PATH\n$PING @Node','','','',0,1,1 );
insert into alerts.objmenuitems values ( 'TrapdMenu:2','TrapdMenu',2,'Sample Trapd Tool','. $(OMNIHOME)/utils/nco_functions\nnco_get_PATH\n$ECHO \"Place your tools for the Trapd Probe on the TrapdMenu\" > /tmp/toolsample.$$\n$(OMNIHOME)/bin/nco_message -title \"TrapdMenu\" -stdin < /tmp/toolsample.$$\nrm /tmp/toolsample.$$','','','',0,0,0 );
insert into alerts.objmenuitems values ( 'TrapdMenu:3','TrapdMenu',3,'Telnet Tool','. $(OMNIHOME)/utils/nco_functions\nnco_get_PATH\nexport TELNET SLEEP\n\n$XTERM -e /bin/sh -c \'$TELNET @Node ; $SLEEP 3\'\n','','','',0,0,0 );
insert into alerts.objmenuitems values ( 'PingMenu:1','PingMenu',1,'Ping','. $(OMNIHOME)/utils/nco_functions\nnco_get_PATH\n$PING @Node','','','',0,1,1 );
insert into alerts.objmenuitems values ( 'PingMenu:2','PingMenu',2,'Ping Sample Tool','. $(OMNIHOME)/utils/nco_functions\nnco_get_PATH\n$ECHO \"Place your tools for the Ping Probe on the PingMenu\" > /tmp/toolsample.$$\n$(OMNIHOME)/bin/nco_message -title \"PingMenu\" -stdin < /tmp/toolsample.$$\nrm /tmp/toolsample.$$','','','',0,0,0 );
insert into alerts.objmenuitems values ( 'PingMenu:3','PingMenu',3,'Telnet Tool','. $(OMNIHOME)/utils/nco_functions\nnco_get_PATH\nexport TELNET SLEEP\n\n$XTERM -e /bin/sh -c \'$TELNET @Node ; $SLEEP 3\'\n','','','',0,0,0 );
insert into alerts.objmenuitems values ( 'HeartbeatMenu:1','HeartbeatMenu',1,'Ping','. $(OMNIHOME)/utils/nco_functions\nnco_get_PATH\n$PING @Node','','','',0,1,1 );
insert into alerts.objmenuitems values ( 'HeartbeatMenu:2','HeartbeatMenu',2,'Heartbeat Sample Tool','. $(OMNIHOME)/utils/nco_functions\nnco_get_PATH\n$ECHO \"Place your tools for the Heartbeat Probe on the HeartbeatMenu\" > /tmp/toolsample.$$\n$(OMNIHOME)/bin/nco_message -title \"HeartBeatMenu\" -stdin < /tmp/toolsample.$$\nrm /tmp/toolsample.$$','','','',0,0,0 );
insert into alerts.objmenuitems values ( 'HeartbeatMenu:3','HeartbeatMenu',3,'Telnet Tool','. $(OMNIHOME)/utils/nco_functions\nnco_get_PATH\nexport TELNET SLEEP\n\n$XTERM -e /bin/sh -c \'$TELNET @Node ; $SLEEP 3\'\n','','','',0,0,0 );
insert into alerts.objmenuitems values ( 'HPOVNNMMenu:1','HPOVNNMMenu',1,'Ping','. $(OMNIHOME)/utils/nco_functions\nnco_get_PATH\n$PING @Node','','','',0,1,1 );
insert into alerts.objmenuitems values ( 'HPOVNNMMenu:2','HPOVNNMMenu',2,'HPOV NNM Sample Tool','. $(OMNIHOME)/utils/nco_functions\nnco_get_PATH\n$ECHO \"Place your tools for HP Openview NNM on the HPOVNNMMenu\" > /tmp/toolsample.$$\n$(OMNIHOME)/bin/nco_message -title \"HPOVNNMMenu\" -stdin < /tmp/toolsample.$$\nrm /tmp/toolsample.$$','','','',0,0,0 );
insert into alerts.objmenuitems values ( 'HPOVNNMMenu:3','HPOVNNMMenu',3,'Telnet Tool','. $(OMNIHOME)/utils/nco_functions\nnco_get_PATH\nexport TELNET SLEEP\n\n$XTERM -e /bin/sh -c \'$TELNET @Node ; $SLEEP 3\'\n','','','',0,0,0 );
go

insert into alerts.objmenus values ( 'ObjViewMapMenu',1 );
insert into alerts.objmenus values ( 'OracleMenu',1 );
insert into alerts.objmenus values ( 'ACP1000Menu',1 );
insert into alerts.objmenus values ( 'SimNetMenu',1 );
insert into alerts.objmenus values ( 'ObjViewMenu',1 );
insert into alerts.objmenus values ( 'InformixMenu',1 );
insert into alerts.objmenus values ( 'AscomClogMenu',1 );
insert into alerts.objmenus values ( 'KBUFivemereMenu',1 );
insert into alerts.objmenus values ( 'EMOSMenu',1 );
insert into alerts.objmenus values ( 'SybaseMenu',1 );
insert into alerts.objmenus values ( 'AlcatelOsOsMenu',1 );
insert into alerts.objmenus values ( 'LightWatchMenu',1 );
insert into alerts.objmenus values ( 'SEMMenu',1 );
insert into alerts.objmenus values ( 'FIFOMenu',1 );
insert into alerts.objmenus values ( 'SubEventListMenu',1 );
insert into alerts.objmenus values ( 'HPOVNNMMenu',1 );
insert into alerts.objmenus values ( '46020Menu',1 );
insert into alerts.objmenus values ( 'MainEventListMenu',1 );
insert into alerts.objmenus values ( 'NetviewMenu',1 );
insert into alerts.objmenus values ( 'WinNTLogMenu',1 );
insert into alerts.objmenus values ( 'OpComMenu',1 );
insert into alerts.objmenus values ( 'HTTPServerErrorMenu',1 );
insert into alerts.objmenus values ( 'ECIeNMMenu',1 );
insert into alerts.objmenus values ( 'SV-NNMMenu',1 );
insert into alerts.objmenus values ( 'HPITOMenu',1 );
insert into alerts.objmenus values ( 'DefaultMenu',1 );
insert into alerts.objmenus values ( 'SyslogMenu',1 );
insert into alerts.objmenus values ( 'NETIDNXMenu',1 );
insert into alerts.objmenus values ( 'AgileATMMenu',1 );
insert into alerts.objmenus values ( 'GenericODBCMenu',1 );
insert into alerts.objmenus values ( 'DawcomMenu',1 );
insert into alerts.objmenus values ( 'TN-MSMenu',1 );
insert into alerts.objmenus values ( 'MD110Menu',1 );
insert into alerts.objmenus values ( 'ConductorMenu',1 );
insert into alerts.objmenus values ( 'RoboMonEMMenu',1 );
insert into alerts.objmenus values ( 'HeartbeatMenu',1 );
insert into alerts.objmenus values ( 'TrapdMenu',1 );
insert into alerts.objmenus values ( 'SNMMenu',1 );
insert into alerts.objmenus values ( 'TellabsTitanMenu',1 );
insert into alerts.objmenus values ( 'TimeView2000Menu',1 );
insert into alerts.objmenus values ( 'GenericMenu',1 );
insert into alerts.objmenus values ( 'AscomPanmanMenu',1 );
insert into alerts.objmenus values ( 'StrataViewMenu',1 );
insert into alerts.objmenus values ( 'BMCPatrolMenu',1 );
insert into alerts.objmenus values ( 'NETOpen5000Menu',1 );
insert into alerts.objmenus values ( 'PingMenu',1 );
insert into alerts.objmenus values ( 'HTTPCommonMenu',1 );
insert into alerts.objmenus values ( 'TelematicsMenu',1 );
insert into alerts.objmenus values ( 'NetlabsMenu',1 );
insert into alerts.objmenus values ( 'ModularMenu',1 );
insert into alerts.objmenus values ( 'NortelDMSMenu',1 );
insert into alerts.objmenus values ( 'PolycentreWatchdogMenu',1 );
insert into alerts.objmenus values ( 'NortelINMMenu',1 );
insert into alerts.objmenus values ( 'RadiusMenu',1 );
insert into alerts.objmenus values ( 'InfoVistaMenu',1 );
insert into alerts.objmenus values ( 'ADIRMenu',1 );
insert into alerts.objmenus values ( 'Altion-LTDMenu',1 );
insert into alerts.objmenus values ( 'AmbeoMenu',1 );
insert into alerts.objmenus values ( 'AmberMenu',1 );
insert into alerts.objmenus values ( 'Broadband-Access-SystemsMenu',1 );
insert into alerts.objmenus values ( 'Applied-InnovationMenu',1 );
insert into alerts.objmenus values ( 'AprismaMenu',1 );
insert into alerts.objmenus values ( 'AstraconMenu',1 );
insert into alerts.objmenus values ( 'ArchitelMenu',1 );
insert into alerts.objmenus values ( 'AtogaMenu',1 );
insert into alerts.objmenus values ( 'CaspianMenu',1 );
insert into alerts.objmenus values ( 'ActernaMenu',1 );
insert into alerts.objmenus values ( 'CiscoMenu',1 );
insert into alerts.objmenus values ( 'CoManageMenu',1 );
insert into alerts.objmenus values ( 'SANavigatorMenu',1 );
insert into alerts.objmenus values ( 'ConcordMenu',1 );
insert into alerts.objmenus values ( 'CosineMenu',1 );
insert into alerts.objmenus values ( 'CrosskeysMenu',1 );
insert into alerts.objmenus values ( 'DPTMenu',1 );
insert into alerts.objmenus values ( 'CrescentMenu',1 );
insert into alerts.objmenus values ( 'TrinagyMenu',1 );
insert into alerts.objmenus values ( 'EccordMenu',1 );
insert into alerts.objmenus values ( 'ENAMenu',1 );
insert into alerts.objmenus values ( 'EdgeMenu',1 );
insert into alerts.objmenus values ( 'EnnovateMenu',1 );
insert into alerts.objmenus values ( 'EnlightenMenu',1 );
insert into alerts.objmenus values ( 'EntuityMenu',1 );
insert into alerts.objmenus values ( 'EmperativeMenu',1 );
insert into alerts.objmenus values ( 'EricssonMenu',1 );
insert into alerts.objmenus values ( 'FujitsuMenu',1 );
insert into alerts.objmenus values ( 'MobileSysMenu',1 );
insert into alerts.objmenus values ( 'MTSMenu',1 );
insert into alerts.objmenus values ( 'Gold-WireMenu',1 );
insert into alerts.objmenus values ( 'HeroixMenu',1 );
insert into alerts.objmenus values ( 'Hitachi-TelecomMenu',1 );
insert into alerts.objmenus values ( 'HolistixMenu',1 );
insert into alerts.objmenus values ( 'IntersectMenu',1 );
insert into alerts.objmenus values ( 'InRangeMenu',1 );
insert into alerts.objmenus values ( 'ipVerseMenu',1 );
insert into alerts.objmenus values ( 'ViryanetMenu',1 );
insert into alerts.objmenus values ( 'KeyNoteMenu',1 );
insert into alerts.objmenus values ( 'LuminousMenu',1 );
insert into alerts.objmenus values ( 'LinmorMenu',1 );
insert into alerts.objmenus values ( 'MinacomMenu',1 );
insert into alerts.objmenus values ( 'MspectMenu',1 );
insert into alerts.objmenus values ( 'Nokia-IPRGMenu',1 );
insert into alerts.objmenus values ( 'NexsiMenu',1 );
insert into alerts.objmenus values ( 'Mercury-InteractiveMenu',1 );
insert into alerts.objmenus values ( 'ShastaMenu',1 );
insert into alerts.objmenus values ( 'Nortel-NMDMenu',1 );
insert into alerts.objmenus values ( 'Network-IceMenu',1 );
insert into alerts.objmenus values ( 'MerlinMenu',1 );
insert into alerts.objmenus values ( 'Net-IQMenu',1 );
insert into alerts.objmenus values ( 'NetPredictMenu',1 );
insert into alerts.objmenus values ( 'NetroMenu',1 );
insert into alerts.objmenus values ( 'NetscoutMenu',1 );
insert into alerts.objmenus values ( 'N.E.T.Menu',1 );
insert into alerts.objmenus values ( 'ONIMenu',1 );
insert into alerts.objmenus values ( 'OptimalMenu',1 );
insert into alerts.objmenus values ( 'NetScreenMenu',1 );
insert into alerts.objmenus values ( 'OrchestreamMenu',1 );
insert into alerts.objmenus values ( 'QuallabyMenu',1 );
insert into alerts.objmenus values ( 'RadviewMenu',1 );
insert into alerts.objmenus values ( 'PacketeerMenu',1 );
insert into alerts.objmenus values ( 'OcularMenu',1 );
insert into alerts.objmenus values ( 'RedbackMenu',1 );
insert into alerts.objmenus values ( 'Open-CommunicationsMenu',1 );
insert into alerts.objmenus values ( 'PairgainMenu',1 );
insert into alerts.objmenus values ( 'QuestMenu',1 );
insert into alerts.objmenus values ( 'SnifferMenu',1 );
insert into alerts.objmenus values ( 'PegasystemsMenu',1 );
insert into alerts.objmenus values ( 'ProtekMenu',1 );
insert into alerts.objmenus values ( 'PixstreamMenu',1 );
insert into alerts.objmenus values ( 'Scientific-AtlantaMenu',1 );
insert into alerts.objmenus values ( 'ServelecMenu',1 );
insert into alerts.objmenus values ( 'CriticallMenu',1 );
insert into alerts.objmenus values ( 'SitaraMenu',1 );
insert into alerts.objmenus values ( 'SorrentoMenu',1 );
insert into alerts.objmenus values ( 'SynchronyMenu',1 );
insert into alerts.objmenus values ( 'TachionMenu',1 );
insert into alerts.objmenus values ( 'TeleknowledgeMenu',1 );
insert into alerts.objmenus values ( 'TellabsMenu',1 );
insert into alerts.objmenus values ( 'TRAIANMenu',1 );
insert into alerts.objmenus values ( 'TollgradeMenu',1 );
insert into alerts.objmenus values ( 'TrendiumMenu',1 );
insert into alerts.objmenus values ( 'UUNETMenu',1 );
insert into alerts.objmenus values ( 'CenterPointMenu',1 );
insert into alerts.objmenus values ( 'ViewgateMenu',1 );
insert into alerts.objmenus values ( 'VisionaelMenu',1 );
insert into alerts.objmenus values ( 'WavesmithMenu',1 );
insert into alerts.objmenus values ( 'White-RockMenu',1 );
insert into alerts.objmenus values ( 'AsitaMenu',1 );
go

--
-- Tools database
--
insert into tools.action_access values ( 1,-1,-1,0 );
insert into tools.action_access values ( 2,-1,-1,1 );
insert into tools.action_access values ( 4,-1,-1,3 );
insert into tools.action_access values ( 5,-1,-1,4 );
insert into tools.action_access values ( 6,-1,-1,5 );
insert into tools.action_access values ( 7,-1,-1,6 );
insert into tools.action_access values ( 10,-1,-1,9 );
insert into tools.action_access values ( 11,-1,-1,10 );
insert into tools.action_access values ( 12,-1,-1,11 );
insert into tools.action_access values ( 13,-1,-1,12 );
insert into tools.action_access values ( 14,-1,-1,13 );
insert into tools.action_access values ( 3,-1,-1,23 );
insert into tools.action_access values ( 17,-1,-1,24 );
insert into tools.action_access values ( 18,-1,-1,36 );
insert into tools.action_access values ( 19,-1,-1,37 );
insert into tools.action_access values ( 20,-1,-1,42 );
insert into tools.action_access values ( 16,-1,-1,43 );
insert into tools.action_access values ( 21,-1,-1,45 );
insert into tools.action_access values ( 15,-1,-1,48 );
insert into tools.action_access values ( 26,-1,-1,54 );
insert into tools.action_access values ( 27,-1,-1,55 );
insert into tools.action_access values ( 28,-1,-1,56 );
insert into tools.action_access values ( 29,-1,-1,57 );
insert into tools.action_access values ( 23,-1,-1,58 );
insert into tools.action_access values ( 22,-1,-1,59 );
insert into tools.action_access values ( 25,-1,-1,60 );
insert into tools.action_access values ( 24,-1,-1,61 );
insert into tools.action_access values ( 30,-1,-1,62 );
insert into tools.action_access values ( 31,-1,-1,63 );
insert into tools.action_access values ( 32,-1,-1,64 );
insert into tools.action_access values ( 33,-1,8001,7 );
insert into tools.action_access values ( 34,-1,8001,8 );
insert into tools.action_access values ( 35,-1,-1,2 );
insert into tools.action_access values ( 36,-1,-1,14 );
go

insert into tools.actions values ( 1,'Acknowledged Action',0,1,'','','','',1,'update alerts.status set Acknowledged=1 where Serial in ( $selected_rows.Serial ); flush iduc;','','','',0,0,'','','','',0,0,0,'UNIX,NT','Alert acknowledged by %username.','','','',1,0 );
insert into tools.actions values ( 2,'Deacknowledged Action',0,1,'','','','',1,'update alerts.status set Acknowledged=0 where Serial in ( $selected_rows.Serial );flush iduc;','','','',0,0,'','','','',0,0,0,'UNIX,NT','Alert deacknowledged by %username.','','','',1,0 );
insert into tools.actions values ( 3,'Change Severity',0,1,'','','','',1,'update alerts.status set Severity=$prompt.Priority,Acknowledged=0 where Serial in ( $selected_rows.Serial );flush iduc;','','','',0,0,'','','','',0,0,0,'UNIX,NT','Alert prioritized from CONVERSION(@Severity) to CONVERSION($prompt.Priority) by %username.','','','',1,0 );
insert into tools.actions values ( 4,'Takeownership Action',0,1,'','','','',1,'update alerts.status set OwnerUID=%uid,Acknowledged=0 where Serial in ( $selected_rows.Serial );flush iduc;','','','',0,0,'','','','',0,0,0,'UNIX,NT','Ownership of alert taken by %username.','','','',1,0 );
insert into tools.actions values ( 5,'Assign Action',0,1,'','','','',1,'update alerts.status set OwnerUID=$prompt.UserAssign,Acknowledged=0 where Serial in ( $selected_rows.Serial );','flush iduc;','','',0,0,'','','','',0,0,0,'UNIX,NT','Alert assigned to user CONVERSION($prompt.UserAssign).','','','',1,0 );
insert into tools.actions values ( 6,'Group Action',0,1,'','','','',1,'update alerts.status set OwnerGID=$prompt.GroupAssign,OwnerUID=65534,Acknowledged=0 where Serial in ( $selected_rows.Serial );','','flush iduc;','',0,0,'','','','',0,0,0,'UNIX,NT','Alert assigned to group CONVERSION($prompt.GroupAssign).','','','',1,0 );
insert into tools.actions values ( 7,'Delete Action',0,1,'','','','',1,'delete from alerts.details where Identifier in ( (select Identifier from alerts.status where Serial in ($selected_rows.Serial)));\n','delete from alerts.status where Serial in ( $selected_rows.Serial );\n','delete from alerts.journal where Serial in ($selected_rows.Serial);\n','flush iduc;',0,0,'','','','',0,0,0,'UNIX,NT','','','','',0,0 );
insert into tools.actions values ( 10,'Ping Tool',0,1,'Example ping tool.','','','',0,'','','','',0,1,'. $(OMNIHOME)/utils/nco_functions\nnco_get_PATH\n$PING @Node','','','',1,1,1,'UNIX','','','','',0,0 );
insert into tools.actions values ( 11,'Telnet Tool',0,1,'Example telnet tool.','','','',0,'','','','',0,1,'. $(OMNIHOME)/utils/nco_functions\nnco_get_PATH\nexport TELNET SLEEP\n\n$XTERM -e /bin/sh -c \'$TELNET @Node ; $SLEEP 3\'\n','','','',1,0,0,'UNIX','','','','',0,0 );
insert into tools.actions values ( 12,'Sample Tool',0,1,'Example tool for the default alerts class.','','','',0,'','','','',0,1,'. $(OMNIHOME)/utils/nco_functions\nnco_get_PATH\n$ECHO \"Place tools for the Default Class \\(0\\) or any class on any menu you want.\" > /tmp/toolsample.$$\n$(OMNIHOME)/bin/nco_message -title \"Sample Tool\" -stdin < /tmp/toolsample.$$\nrm /tmp/toolsample.$$','','','',1,0,0,'UNIX','','','','',0,0 );
insert into tools.actions values ( 13,'Prompted Ping Tool',0,1,'Example prompted ping tool.','','','',0,'','','','',0,1,'. $(OMNIHOME)/utils/nco_functions\nnco_get_PATH\n$PING $prompt.Hostname','','','',1,1,1,'UNIX','','','','',0,0 );
insert into tools.actions values ( 14,'Prompted Telnet Tool',0,1,'Example prompted telnet tool.','','','',0,'','','','',0,1,'. $(OMNIHOME)/utils/nco_functions\nnco_get_PATH\nexport TELNET SLEEP\n\n$XTERM -e /bin/sh -c \'$TELNET $prompt.Hostname ; $SLEEP 3\'\n','','','',1,0,0,'UNIX','','','','',0,0 );
insert into tools.actions values ( 15,'Show Related NE Object',0,1,'','','','',0,'','','','',0,1,'$OMNIHOME/bin/nco_elct -server \"%desktopserver\" -username \"%username\" -password \"%password\" -vfile \"$OMNIHOME/desktop/default.elv\" -ftext \"( Node = \'@Node\' or ( LocalNodeAlias != \'\' and LocalNodeAlias = \'@LocalNodeAlias\' ) ) and LocalRootObj = \'@LocalRoot','Obj\'\"','','',0,0,0,'UNIX','','','','',0,0 );
insert into tools.actions values ( 16,'Show Related FE Object',0,1,'','','','',0,'','','','',0,1,'$OMNIHOME/bin/nco_elct -server \"%desktopserver\" -username \"%username\" -password \"%password\" -vfile \"$OMNIHOME/desktop/default.elv\" -ftext \"( ( RemoteRootObj != \'\' and RemoteRootObj = \'@LocalRootObj\' )  or ( LocalRootObj != \'\' and LocalRootObj = \'@RemoteRo','otObj\' ) ) and ( ( RemoteNodeAlias != \'\' and RemoteNodeAlias = \'@LocalNodeAlias\' ) or ( LocalNodeAlias != \'\' and  LocalNodeAlias = \'@RemoteNodeAlias\') or Node = \'@RemoteNodeAlias\' or RemoteNodeAlias = \'@Node\' )\"','','',0,0,0,'UNIX','','','','',0,0 );
insert into tools.actions values ( 17,'Suppress/Escalate',0,1,'','','','',1,'update alerts.status set SuppressEscl=$prompt.Suppress where Serial in ( $selected_rows.Serial );flush iduc;','','','',0,0,'','','','',0,0,0,'UNIX,NT','Alert prioritized from CONVERSION(@SuppressEscl) to CONVERSION($prompt.Suppress) by %username.','','','',1,0 );
insert into tools.actions values ( 18,'Add to Task List',0,1,'','','','',1,'update alerts.status set TaskList=1 where Serial in ( $selected_rows.Serial ); flush iduc;','','','',0,0,'','','','',0,1,1,'UNIX,NT','','','','',0,0 );
insert into tools.actions values ( 19,'Remove from Task List',0,1,'','','','',1,'update alerts.status set TaskList=0 where Serial in ( $selected_rows.Serial ); flush iduc;','','','',0,0,'','','','',0,1,1,'UNIX,NT','','','','',0,0 );
insert into tools.actions values ( 20,'Show Related FE Node',0,1,'','','','',0,'','','','',0,1,'$OMNIHOME/bin/nco_elct -server \"%desktopserver\" -username \"%username\" -password \"%password\" -vfile \"$OMNIHOME/desktop/default.elv\" -ftext \"( RemoteNodeAlias != \'\' and RemoteNodeAlias = \'@LocalNodeAlias\' ) or ( LocalNodeAlias != \'\' and  LocalNodeAlias = \'@','RemoteNodeAlias\') or Node = \'@RemoteNodeAlias\' or RemoteNodeAlias = \'@Node\'\"','','',0,0,0,'UNIX','','','','',0,0 );
insert into tools.actions values ( 21,'Show Related NE Node',0,1,'','','','',0,'','','','',0,1,'$OMNIHOME/bin/nco_elct -server \"%desktopserver\" -username \"%username\" -password \"%password\" -vfile \"$OMNIHOME/desktop/default.elv\" -ftext \"Node = \'@Node\'\"\n','','','',0,0,0,'UNIX','','','','',0,0 );
insert into tools.actions values ( 22,'Show Related NE Node (Windows)',0,1,'','','','',0,'','','','',0,1,'\"$(OMNIHOME)/desktop/NCOelct.exe\" -password \"%password\" -server \"%desktopserver\" -username \"%username\"  -elv \"$(OMNIHOME)/ini/default.elv\" -elf \"$(OMNIHOME)/ini/tool.elf\" -params \"Node = \\\\\'@Node\\\\\'\"','','','',0,0,0,'NT','','','','',0,0 );
insert into tools.actions values ( 23,'Show Related NE Object (Windows)',0,1,'','','','',0,'','','','',0,1,'\"$(OMNIHOME)/desktop/NCOelct.exe\" -server \"%desktopserver\" -username \"%username\" -password \"%password\" -elv \"$(OMNIHOME)/ini/default.elv\" -elf \"$(OMNIHOME)/ini/tool.elf\" -params \"( Node = \\\\\'@Node\\\\\' or ( LocalNodeAlias != \\\\\'\\\\\' and LocalNodeAlias = \\\\\'@','LocalNodeAlias\\\\\' ) ) and LocalRootObj = \\\\\'@LocalRootObj\\\\\'\"','','',0,0,0,'NT','','','','',0,0 );
insert into tools.actions values ( 24,'Show Related FE Node (Windows)',0,1,'','','','',0,'','','','',0,1,'\"$(OMNIHOME)/desktop/NCOelct.exe\" -server \"%desktopserver\" -username \"%username\" -password \"%password\" -elv \"$(OMNIHOME)/ini/default.elv\" -elf \"$(OMNIHOME)/ini/tool.elf\" -params \"( RemoteNodeAlias != \\\\\'\\\\\' and RemoteNodeAlias = \\\\\'@LocalNodeAlias\\\\\' ) or',' ( LocalNodeAlias != \\\\\'\\\\\' and  LocalNodeAlias = \\\\\'@RemoteNodeAlias\\\\\') or Node = \\\\\'@RemoteNodeAlias\\\\\' or RemoteNodeAlias = \\\\\'@Node\\\\\'\"','','',0,0,0,'NT','','','','',0,0 );
insert into tools.actions values ( 25,'Show Related FE Object (Windows)',0,1,'','','','',0,'','','','',0,1,'\"$(OMNIHOME)/desktop/NCOelct.exe\" -server \"%desktopserver\" -username \"%username\" -password \"%password\" -elv \"$(OMNIHOME)/ini/default.elv\" -elf \"$(OMNIHOME)/ini/tool.elf\" -params \"( ( RemoteRootObj != \\\\\'\\\\\' and RemoteRootObj = \\\\\'@LocalRootObj\\\\\' )  or',' ( LocalRootObj != \\\\\'\\\\\' and LocalRootObj = \\\\\'@RemoteRootObj\\\\\' ) ) and ( ( RemoteNodeAlias != \\\\\'\\\\\' and RemoteNodeAlias = \\\\\'@LocalNodeAlias\\\\\' ) or ( LocalNodeAlias != \\\\\'\\\\\' and  LocalNodeAlias = \\\\\'@RemoteNodeAlias\\\\\') or Node = \\\\\'@RemoteNodeAlias','\\\\\' or RemoteNodeAlias = \\\\\'@Node\\\\\' )\"','',0,0,0,'NT','','','','',0,0 );
insert into tools.actions values ( 26,'Open URL', 0, 1, '','','','', 0, '','','','',0, 1, '$OMNIBROWSER  "@URL"', '','','',1, 0, 1, 'UNIX', '','','','',0, 0 );
insert into tools.actions values ( 27,'Open URL (Windows)', 0, 1, '','','','',0,'','','','',0, 1, 'start "" "@URL"','','','', 1, 0, 1, 'NT', '','','','',0, 0 );
insert into tools.actions values ( 28,'Ping Tool (Windows)',0,1,'Ping tool.','','','',0,'','','','',0,1,'ping @Node\r\npause','','','',1,0,0,'NT','Ping Tool fired','','','',1,0 );
insert into tools.actions values ( 29,'Telnet Tool (Windows)',0,1,'Telnet tool.','','','',0,'','','','',0,1,'telnet @Node','','','',1,0,0,'NT','','','','',0,0 );
insert into tools.actions values ( 30,'Sample Tool (Windows)',0,1,'Example tool for the default alerts class.','','','',0,'','','','',0,1,'"$(OMNIHOME)/bin/nco_message" -message  \"Place tools for the Default Class (0) or any class on any menu you want\" -title \"Sample Tool\" -type \"info\"','','','',1,0,0,'NT','','','','',0,0 );
insert into tools.actions values ( 31,'Prompted Ping Tool (Windows)',0,1,'Example prompted ping tool.','','','',0,'','','','',0,1,'ping  $prompt.Hostname \r\npause','','','',0,0,0,'NT','','','','',0,0 );
insert into tools.actions values ( 32,'Prompted Telnet Tool (Windows)',0,1,'Example prompted telnet tool.','','','',0,'','','','',0,1,'telnet  $prompt.Hostname ','','','',0,0,0,'NT','','','','',0,0 );
insert into tools.actions values ( 33,'Show SAE Related Events',-1,1,'','','','',0,'','','','',0,1,'$OMNIHOME/bin/nco_elct -server "%server" -username "%username" -password "%password" -vfile "$OMNIHOME/desktop/default.elv" -ftext "( NmosEntityId in ( select NmosEntityId from precision.entity_service where ServiceEntityId = @NmosEntityId ) )"','','','',0,0,1,'UNIX','','','','',0,0 );
insert into tools.actions values ( 34,'Show SAE Related Events (Windows)',-1,1,'','','','',0,'','','','',0,1,'"$(OMNIHOME)/desktop/ncoelct.exe" -server "%server" -username "%username" -password "%password" -elv "$(OMNIHOME)/ini/default.elv" -elf "$(OMNIHOME)/ini/tool.elf" -params "( NmosEntityId in ( select NmosEntityId from precision.entity_service where Servic','eEntityId = @NmosEntityId ) )"','','',0,0,1,'NT','','','','',0,0 );
insert into tools.actions values ( 35,'Show SAE Related Services',-1,1,'','','','',0,'','','','',0,1,'$OMNIHOME/bin/nco_elct -server "%server" -username "%username" -password "%password" -vfile "$OMNIHOME/desktop/default.elv" -ftext "( NmosEntityId in ( select ServiceEntityId from precision.entity_service where NmosEntityId = @NmosEntityId ) )"','','','',0,0,1,'UNIX','','','','',0,0 );
insert into tools.actions values ( 36,'Show SAE Related Services (Windows)',-1,1,'','','','',0,'','','','',0,1,'"$(OMNIHOME)/desktop/ncoelct.exe" -server "%server" -username "%username" -password "%password" -elv "$(OMNIHOME)/ini/default.elv" -elf "$(OMNIHOME)/ini/tool.elf" -params "( NmosEntityId in ( select ServiceEntityId from precision.entity_service where Nmos','EntityId = @NmosEntityId ) )"','','',0,0,1,'NT','','','','',0,0 );
go


insert into tools.menu_defs values ( 'UserAssign','master','names','Name','UID','Name','',0 );
insert into tools.menu_defs values ( 'Suppress','alerts','conversions','Conversion','Value','Value','Colname=\'SuppressEscl\'',0 );
insert into tools.menu_defs values ( 'Priority','alerts','conversions','Conversion','Value','Value','Colname=\'Severity\'',1 );
insert into tools.menu_defs values ( 'GroupAssign','master','groups','Name','GID','Name','',0 );
go

insert into tools.menu_items values ( '101:11',101,11,'&Telnet','Telnet Tool',1,0,11,1,'' );
insert into tools.menu_items values ( '101:29',101,29,'&Telnet','Telnet Tool',1,0,29,1,'' );
insert into tools.menu_items values ( '106:38',106,38,'Managed &Object Instance','',0,0,15,1,'' );
insert into tools.menu_items values ( '106:39',106,39,'Entire &Node','',0,0,21,0,'' );
insert into tools.menu_items values ( '106:41',106,41,'Entire &Node','',0,0,22,2,'' );
insert into tools.menu_items values ( '106:42',106,42,'Managed &Object Instance','',0,0,23,3,'' );
insert into tools.menu_items values ( '6:14',6,14,'&Ping','Prompted Ping Tool',1,0,10,0,'' );
insert into tools.menu_items values ( '6:15',6,15,'Separator','Separator',1,1,0,2,'' );
insert into tools.menu_items values ( '6:16',6,16,'&Telnet','Prompted Telnet Tool',1,0,11,1,'' );
insert into tools.menu_items values ( '6:17',6,17,'&Sample','Sample Tool',1,0,12,3,'' );
insert into tools.menu_items values ( '100:10',100,10,'&Ping','Ping Tool',1,0,10,0,'' );
insert into tools.menu_items values ( '100:28',100,28,'&Ping','Ping Tool',1,0,28,1,'' );
insert into tools.menu_items values ( '100:30',100,30,'&URL','Open URL',1,0,26,0,'' );
insert into tools.menu_items values ( '100:31',100,31,'&URL','Open URL',1,0,27,1,'' );
insert into tools.menu_items values ( '105:33',105,33,'&Add to Task List','',0,0,18,0,'' );
insert into tools.menu_items values ( '105:34',105,34,'&Remove from Task List','',0,0,19,1,'' );
insert into tools.menu_items values ( '0:20',0,20,'&Prioritize','',1,2,102,8,'' );
insert into tools.menu_items values ( '0:23',0,23,'Related E&vents','',1,2,103,2,'' );
insert into tools.menu_items values ( '0:26',0,26,'<separator>','',0,1,0,4,'' );
insert into tools.menu_items values ( '0:28',0,28,'&Ownership','',1,2,104,9,'' );
insert into tools.menu_items values ( '0:32',0,32,'Task &List','',1,2,105,3,'' );
insert into tools.menu_items values ( '104:29',104,29,'Take &Ownership','',0,0,4,2,'' );
insert into tools.menu_items values ( '104:30',104,30,'Assign to &User','',0,0,5,0,'' );
insert into tools.menu_items values ( '104:31',104,31,'Assign to &Group','',0,0,6,1,'' );
insert into tools.menu_items values ( '0:1',0,1,'&Acknowledge','Acknowledge Tool',1,0,1,5,'A,Ctrl+A' );
insert into tools.menu_items values ( '0:2',0,2,'&Deacknowledge','Deacknowledge Tool',1,0,2,6,'D,Ctrl+D' );
insert into tools.menu_items values ( '0:7',0,7,'D&elete','Delete Tool',1,0,7,7,'' );
insert into tools.menu_items values ( '0:8',0,8,'&Resolve','Resolve Tool',1,2,101,1,'' );
insert into tools.menu_items values ( '0:9',0,9,'&Tools','Alert Tools',1,2,100,0,'' );
insert into tools.menu_items values ( '103:35',103,35,'&Near-End Events','',1,2,106,0,'' );
insert into tools.menu_items values ( '103:36',103,36,'&Far-End Events','',1,2,107,1,'' );
insert into tools.menu_items values ( '102:21',102,21,'&Change Severity','',0,0,3,0,'' );
insert into tools.menu_items values ( '102:22',102,22,'&Suppress/Escalate','',0,0,17,1,'' );
insert into tools.menu_items values ( '2:12',2,12,'&Ping','Ping Tool',1,0,13,0,'N,Ctrl+N' );
insert into tools.menu_items values ( '2:13',2,13,'&Telnet','Telnet Tool',1,0,14,1,'E,Ctrl+E' );
insert into tools.menu_items values ( '2:31',2,31,'&Ping','Ping Tool',1,0,31,1,'' );
insert into tools.menu_items values ( '2:32',2,32,'&Telnet','Telnet Tool',1,0,32,1,'' );
insert into tools.menu_items values ( '107:37',107,37,'Managed &Object Instance','',0,0,16,1,'' );
insert into tools.menu_items values ( '107:40',107,40,'Entire &Node','',0,0,20,0,'' );
insert into tools.menu_items values ( '107:43',107,43,'Entire &Node','',0,0,24,2,'' );
insert into tools.menu_items values ( '107:44',107,44,'Managed &Object Instance','',0,0,25,3,'' );
insert into tools.menu_items values ( '0:108',0,108,'Show SAE Related Events','',1,0,33,10,'' );
insert into tools.menu_items values ( '0:109',0,109,'Show &SAE Related Events','',1,0,34,12,'' );
insert into tools.menu_items values ( '0:110',0,110,'Show SAE Related Services','',1,0,35,13,'' );
insert into tools.menu_items values ( '0:111',0,111,'Show SAE Related Services','',1,0,36,14,'' );
go

insert into tools.menus values ( 0,'AlertsMenu',0,1 );
insert into tools.menus values ( 1,'MainEventListMenu',0,1 );
insert into tools.menus values ( 2,'SubEventListMenu',0,1 );
insert into tools.menus values ( 3,'ConductorMenu',0,1 );
insert into tools.menus values ( 100,'GeneralTools',0,1 );
insert into tools.menus values ( 101,'ResolveMenu',0,1 );
insert into tools.menus values ( 102,'&Prioritize',0,1 );
insert into tools.menus values ( 103,'Related Events',0,1 );
insert into tools.menus values ( 104,'Ownership',0,1 );
insert into tools.menus values ( 105,'Task &List',0,1 );
insert into tools.menus values ( 106,'&Near-End Events',0,1 );
insert into tools.menus values ( 107,'&Far-End Events',0,1 );
go

insert into tools.prompt_defs values ( 'UserAssign','Assign user prompt','','',7 );
insert into tools.prompt_defs values ( 'Hostname','Name of the host','','',0 );
insert into tools.prompt_defs values ( 'Suppress','Specify Suppression or Escalation Level','','',7 );
insert into tools.prompt_defs values ( 'Priority','Specify severity level','','',7 );
insert into tools.prompt_defs values ( 'GroupAssign','Group prompt','','',7 );
go
